date,time,value
2026/4/23,00:40:10,98.7
2026/4/23,02:47:18,98.6
2026/4/23,02:50:41,108.6
2026/4/23,02:52:17,118.5
2026/4/23,02:55:28,128.5
2026/4/23,02:57:14,138.4
2026/4/23,02:59:52,148.2
2026/4/23,03:01:35,158.0
2026/4/23,03:04:09,167.9
2026/4/23,03:05:28,178.4
2026/4/23,03:08:23,188.7
2026/4/23,03:09:45,198.2
2026/4/23,03:12:40,207.4
2026/4/23,03:14:02,217.9
2026/4/23,03:17:04,228.8
2026/4/23,03:18:35,238.2
2026/4/23,03:21:31,247.6
2026/4/23,03:22:52,258.7
2026/4/23,03:25:48,267.7
2026/4/23,03:27:09,277.6
2026/4/23,03:30:04,288.4
2026/4/23,03:31:26,297.5
2026/4/23,03:34:21,308.2
2026/4/23,03:35:43,318.0
2026/4/23,03:38:47,328.2
2026/4/23,03:40:18,338.1
2026/4/23,04:06:25,118.5
2026/4/23,04:09:28,128.5
2026/4/23,04:10:48,138.4
2026/4/23,04:15:24,148.2
2026/4/23,04:16:44,158.1
2026/4/23,04:22:01,167.9
2026/4/23,04:23:24,178.4
2026/4/23,04:28:21,188.6
2026/4/23,04:29:46,198.4
2026/4/23,04:34:49,207.4
2026/4/23,04:36:15,217.9
2026/4/23,04:41:23,228.7
2026/4/23,04:42:43,238.0
2026/4/23,04:47:54,247.6
2026/4/23,04:49:19,258.6
2026/4/23,04:54:21,267.7
2026/4/23,04:55:47,277.6
2026/4/23,05:00:49,288.4
2026/4/23,05:02:15,297.5
2026/4/23,09:48:22,228.7
2026/4/23,09:48:40,238.0
2026/4/23,09:52:52,247.6
2026/4/23,09:55:26,258.7
2026/4/23,11:39:04,98.6
2026/4/23,11:40:23,108.6
2026/4/23,11:43:18,118.5
2026/4/23,11:44:37,128.5
2026/4/23,11:47:43,138.4
2026/4/23,11:49:08,148.3
2026/4/23,11:52:05,158.1
2026/4/23,11:53:25,167.9
2026/4/23,11:56:19,178.4
2026/4/23,11:57:40,188.7
2026/4/23,12:00:35,198.4
2026/4/23,12:01:56,207.6
2026/4/23,12:04:51,217.9
2026/4/23,12:06:12,228.7
2026/4/23,12:09:15,238.1
2026/4/23,12:10:44,247.6
2026/4/23,12:13:38,258.7
2026/4/23,12:15:00,267.9
2026/4/23,12:17:54,277.6
2026/4/23,12:19:16,288.4
2026/4/23,12:22:10,297.6
2026/4/23,12:23:32,308.2
2026/4/23,12:26:26,317.9
2026/4/23,12:27:48,328.2
2026/4/23,12:30:48,338.1
2026/4/23,14:28:26,98.6
2026/4/23,14:31:20,108.6
2026/4/23,14:32:39,118.5
2026/4/23,14:35:34,128.5
2026/4/23,14:36:53,138.4
2026/4/23,14:39:48,148.3
2026/4/23,14:41:08,158.0
2026/4/23,14:44:01,167.9
2026/4/23,14:45:24,178.5
2026/4/23,14:48:25,188.7
2026/4/23,14:49:55,198.2
2026/4/23,14:52:49,207.4
2026/4/23,14:54:10,217.9
2026/4/23,14:57:04,228.8
2026/4/23,14:58:25,238.1
2026/4/23,15:01:19,247.6
2026/4/23,15:02:40,258.8
2026/4/23,15:05:33,267.8
2026/4/23,15:06:55,277.6
2026/4/23,15:09:57,288.4
2026/4/23,15:11:26,297.5
2026/4/23,15:14:19,308.2
2026/4/23,15:15:41,318.0
2026/4/23,15:18:34,328.2
2026/4/23,15:19:56,338.2
2026/4/23,17:19:13,98.6
2026/4/23,17:20:43,108.6
2026/4/23,17:24:18,118.5
2026/4/23,17:25:46,128.5
2026/4/23,17:28:41,138.4
2026/4/23,17:30:07,148.3
2026/4/23,17:33:01,158.0
2026/4/23,17:34:21,167.9
2026/4/23,17:37:13,178.5
2026/4/23,17:38:34,188.7
2026/4/23,17:41:27,198.3
2026/4/23,17:42:48,207.7
2026/4/23,17:45:40,217.8
2026/4/23,17:47:02,228.7
2026/4/23,17:50:02,238.1
2026/4/23,17:51:34,247.6
2026/4/23,17:54:27,258.7
2026/4/23,17:55:48,268.0
2026/4/23,17:58:41,277.6
2026/4/23,18:00:02,288.4
2026/4/23,18:02:55,297.5
2026/4/23,18:04:17,308.2
2026/4/23,18:07:09,317.8
2026/4/23,18:08:31,328.2
2026/4/23,18:11:31,338.0
2026/4/23,19:44:05,98.7
2026/4/23,19:47:01,108.6
2026/4/23,19:48:21,118.5
2026/4/23,19:51:18,128.5
2026/4/23,19:52:37,138.4
2026/4/23,19:55:35,148.3
2026/4/23,19:56:54,158.0
2026/4/23,19:59:50,167.9
2026/4/23,20:01:11,178.4
2026/4/23,20:04:15,188.7
2026/4/23,20:05:43,198.1
2026/4/23,20:08:39,207.5
2026/4/23,20:10:00,217.9
2026/4/23,20:12:55,228.8
2026/4/23,20:14:16,238.1
2026/4/23,20:17:12,247.6
2026/4/23,20:18:33,258.7
2026/4/23,20:21:29,267.8
2026/4/23,20:22:50,277.6
2026/4/23,20:25:54,288.4
2026/4/23,20:27:26,297.5
2026/4/23,20:30:21,308.2
2026/4/23,20:31:43,318.0
2026/4/23,20:34:38,328.2
2026/4/23,20:36:00,338.1
2026/4/23,23:49:38,98.6
2026/4/24,04:21:19,167.9
2026/4/24,06:37:02,178.4
2026/4/24,06:41:39,188.7
2026/4/24,06:42:59,198.2
2026/4/24,06:47:35,207.6
2026/4/24,06:48:55,217.9
2026/4/24,06:53:30,228.7
2026/4/24,06:54:50,238.1
2026/4/24,06:59:22,247.6
2026/4/24,07:00:49,258.7
2026/4/24,07:05:24,267.9
2026/4/24,07:06:44,277.6
2026/4/24,07:11:18,288.4
2026/4/24,07:12:38,297.4
2026/4/24,11:53:31,98.6
2026/4/24,11:55:03,108.6
2026/4/24,11:58:41,118.5
2026/4/24,12:00:11,128.5
2026/4/24,12:03:05,138.4
2026/4/24,12:04:48,148.3
2026/4/24,12:07:19,158.1
2026/4/24,12:08:39,167.9
2026/4/24,12:11:31,178.4
2026/4/24,12:12:53,188.7
2026/4/24,12:15:46,198.3
2026/4/24,12:17:07,207.7
2026/4/24,12:20:10,217.8
2026/4/24,12:21:39,228.8
2026/4/24,12:24:31,238.0
2026/4/24,12:25:52,247.6
2026/4/24,12:28:44,258.7
2026/4/24,12:30:05,268.0
2026/4/24,12:32:58,277.6
2026/4/24,12:34:19,288.4
2026/4/24,12:37:12,297.5
2026/4/24,12:38:34,308.2
2026/4/24,12:41:33,317.9
2026/4/24,12:43:01,328.2
2026/4/24,12:45:52,338.0
2026/4/24,14:34:55,98.5
2026/4/24,14:37:49,108.6
2026/4/24,14:39:09,118.5
2026/4/24,14:42:02,128.5
2026/4/24,14:43:21,138.4
2026/4/24,14:46:18,148.3
2026/4/24,14:47:37,158.0
2026/4/24,14:50:41,167.9
2026/4/24,14:52:08,178.4
2026/4/24,14:55:03,188.7
2026/4/24,14:56:24,198.1
2026/4/24,14:59:19,207.4
2026/4/24,15:00:40,217.9
2026/4/24,15:03:35,228.8
2026/4/24,15:04:57,238.1
2026/4/24,15:07:51,247.6
2026/4/24,15:09:13,258.7
2026/4/24,15:12:15,267.9
2026/4/24,15:13:44,277.6
2026/4/24,15:16:38,288.4
2026/4/24,15:18:00,297.6
2026/4/24,15:20:54,308.3
2026/4/24,15:22:16,318.0
2026/4/24,15:25:10,328.2
2026/4/24,15:26:32,338.1
2026/4/24,17:08:46,98.7
2026/4/24,17:10:06,108.6
2026/4/24,17:13:01,118.5
2026/4/24,17:14:20,128.5
2026/4/24,17:17:16,138.4
2026/4/24,17:18:35,148.3
2026/4/24,17:21:40,158.0
2026/4/24,17:23:09,167.9
2026/4/24,17:26:02,178.4
2026/4/24,17:27:24,188.6
2026/4/24,17:30:18,198.3
2026/4/24,17:31:39,207.7
2026/4/24,17:34:32,217.9
2026/4/24,17:35:54,228.7
2026/4/24,17:38:47,238.1
2026/4/24,17:40:09,247.6
2026/4/24,17:43:10,258.6
2026/4/24,17:44:40,267.9
2026/4/24,17:47:34,277.6
2026/4/24,17:48:55,288.4
2026/4/24,17:51:48,297.5
2026/4/24,17:53:10,308.2
2026/4/24,17:56:03,317.9
2026/4/24,17:57:25,328.2
2026/4/24,18:00:17,338.1
2026/4/24,19:48:53,98.6
2026/4/24,19:51:57,108.6
2026/4/24,19:53:26,118.5
2026/4/24,19:56:21,128.5
2026/4/24,19:57:41,138.4
2026/4/24,20:00:36,148.3
2026/4/24,20:01:55,158.0
2026/4/24,20:04:52,167.9
2026/4/24,20:06:10,178.5
2026/4/24,20:09:03,188.7
2026/4/24,20:10:24,198.1
2026/4/24,20:13:25,207.4
2026/4/24,20:14:53,217.9
2026/4/24,20:17:45,228.7
2026/4/24,20:19:06,238.0
2026/4/24,20:21:59,247.6
2026/4/24,20:23:20,258.9
2026/4/24,20:26:12,267.8
2026/4/24,20:27:34,277.6
2026/4/24,20:30:26,288.4
2026/4/24,20:31:48,297.4
2026/4/24,20:34:49,308.2
2026/4/24,20:36:21,318.1
2026/4/24,20:39:14,328.2
2026/4/24,20:40:35,338.3
2026/4/24,22:37:30,98.6
2026/4/24,22:38:50,108.6
2026/4/24,22:41:45,118.5
2026/4/24,22:43:04,128.5
2026/4/24,22:45:58,138.5
2026/4/24,22:47:18,148.3
2026/4/24,22:50:21,158.0
2026/4/24,22:51:46,167.9
2026/4/24,22:54:39,178.5
2026/4/24,22:56:01,188.7
2026/4/24,22:58:53,198.4
2026/4/24,23:00:15,207.6
2026/4/24,23:03:08,217.8
2026/4/24,23:04:29,228.7
2026/4/24,23:07:22,238.1
2026/4/24,23:08:44,247.6
2026/4/24,23:11:45,258.6
2026/4/24,23:13:15,268.0
2026/4/24,23:16:08,277.6
2026/4/24,23:17:29,288.4
2026/4/24,23:20:22,297.5
2026/4/24,23:21:44,308.2
2026/4/24,23:24:36,317.9
2026/4/24,23:25:58,328.2
2026/4/24,23:28:51,338.0
2026/4/25,00:31:29,98.6
2026/4/25,00:32:49,108.6
2026/4/25,00:36:01,118.5
2026/4/25,00:37:30,128.5
2026/4/25,00:40:23,138.4
2026/4/25,00:41:43,148.3
2026/4/25,00:44:37,158.0
2026/4/25,00:46:08,167.9
2026/4/25,00:49:25,178.4
2026/4/25,00:50:11,188.7
2026/4/25,00:53:03,198.3
2026/4/25,00:54:24,207.6
2026/4/25,00:57:22,217.8
2026/4/25,00:58:54,228.7
2026/4/25,01:01:46,238.0
2026/4/25,01:03:07,247.6
2026/4/25,01:06:00,258.7
2026/4/25,01:07:21,267.9
2026/4/25,01:10:14,277.6
2026/4/25,01:11:35,288.4
2026/4/25,01:14:28,297.4
2026/4/25,01:15:49,308.2
2026/4/25,01:18:50,317.9
2026/4/25,01:20:18,328.2
2026/4/25,01:23:10,337.9
2026/4/25,02:27:35,98.7
2026/4/25,02:28:55,108.6
2026/4/25,02:31:59,118.5
2026/4/25,02:33:19,128.5
2026/4/25,02:36:13,138.4
2026/4/25,02:37:32,148.3
2026/4/25,02:40:27,158.0
2026/4/25,02:41:47,167.9
2026/4/25,02:44:48,178.5
2026/4/25,02:46:15,188.8
2026/4/25,02:49:08,198.3
2026/4/25,02:50:29,207.7
2026/4/25,02:53:22,217.8
2026/4/25,02:54:43,228.7
2026/4/25,02:57:36,238.0
2026/4/25,02:58:57,247.6
2026/4/25,03:01:50,258.6
2026/4/25,03:03:11,267.9
2026/4/25,03:06:12,277.6
2026/4/25,03:07:40,288.3
2026/4/25,03:10:33,297.5
2026/4/25,03:11:54,308.3
2026/4/25,03:14:47,317.9
2026/4/25,03:16:08,328.2
2026/4/25,03:19:01,338.2
2026/4/25,04:16:12,98.6
2026/4/25,04:19:06,108.6
2026/4/25,04:20:26,118.5
2026/4/25,04:23:19,128.5
2026/4/25,04:24:39,138.5
2026/4/25,04:27:35,148.3
2026/4/25,04:28:55,158.0
2026/4/25,04:31:56,167.8
2026/4/25,04:33:25,178.4
2026/4/25,04:36:18,188.7
2026/4/25,04:37:39,198.2
2026/4/25,04:40:33,207.4
2026/4/25,06:29:34,98.6
2026/4/25,08:07:11,98.5
2026/4/25,08:08:30,108.6
2026/4/25,08:13:06,118.5
2026/4/25,08:14:26,128.5
2026/4/25,08:17:27,138.4
2026/4/25,08:18:53,148.3
2026/4/25,08:21:46,158.0
2026/4/25,08:23:06,167.9
2026/4/25,08:26:14,178.4
2026/4/25,08:27:19,188.7
2026/4/25,08:30:11,198.3
2026/4/25,08:31:33,207.7
2026/4/25,08:34:25,217.9
2026/4/25,08:35:46,228.7
2026/4/25,08:38:44,238.1
2026/4/25,08:40:57,247.6
2026/4/25,08:43:04,258.6
2026/4/25,08:44:26,267.9
2026/4/25,08:47:18,277.6
2026/4/25,08:48:39,288.4
2026/4/25,08:51:31,297.5
2026/4/25,08:52:52,308.2
2026/4/25,08:55:44,317.9
2026/4/25,08:57:05,328.2
2026/4/25,09:00:04,338.0
2026/4/25,09:19:23,268.0
2026/4/25,09:19:41,277.6
2026/4/25,09:24:06,288.3
2026/4/25,09:26:32,297.5
2026/4/25,10:27:54,217.9
2026/4/25,10:58:04,98.6
2026/4/25,10:59:24,108.6
2026/4/25,11:02:28,118.5
2026/4/25,11:03:48,128.5
2026/4/25,11:06:37,138.4
2026/4/25,11:07:57,148.3
2026/4/25,11:59:05,138.4
2026/4/25,12:00:25,148.3
2026/4/25,12:03:14,158.0
2026/4/25,12:04:34,167.9
2026/4/25,14:08:42,98.6
2026/4/25,14:11:36,108.6
2026/4/25,14:12:56,118.5
2026/4/25,14:15:57,128.5
2026/4/25,14:17:27,138.4
2026/4/25,14:20:21,148.2
2026/4/25,14:21:39,158.0
2026/4/25,14:24:32,167.9
2026/4/25,14:25:53,178.4
2026/4/25,14:28:45,188.7
2026/4/25,14:30:06,198.1
2026/4/25,14:32:58,207.9
2026/4/25,14:34:20,217.8
2026/4/25,14:37:20,228.8
2026/4/25,14:38:50,238.2
2026/4/25,14:41:43,247.6
2026/4/25,14:43:04,258.7
2026/4/25,14:45:56,267.8
2026/4/25,14:47:18,277.6
2026/4/25,14:50:09,288.4
2026/4/25,14:51:31,297.3
2026/4/25,14:54:22,308.2
2026/4/25,14:55:44,318.0
2026/4/25,14:58:42,328.2
2026/4/25,15:00:13,338.3
2026/4/25,16:12:15,268.0
2026/4/25,16:13:39,277.6
2026/4/25,16:16:51,288.4
2026/4/25,16:18:10,297.5
2026/4/25,16:21:14,308.2
2026/4/25,16:22:33,318.0
2026/4/26,02:45:54,277.6
2026/4/26,02:46:13,288.4
2026/4/26,02:49:46,297.5
2026/4/26,02:50:40,308.3
2026/4/26,04:19:10,98.6
2026/4/26,04:20:35,108.6
2026/4/26,04:22:52,118.5
2026/4/26,04:24:20,128.5
2026/4/26,04:25:45,138.4
2026/4/26,04:28:04,148.3
2026/4/26,04:29:30,158.0
2026/4/26,04:30:56,167.8
2026/4/26,04:33:17,178.4
2026/4/26,04:34:43,188.7
2026/4/26,04:36:08,198.3
2026/4/26,04:38:48,207.8
2026/4/26,04:40:07,217.9
2026/4/26,04:41:25,228.8
2026/4/26,04:44:00,238.1
2026/4/26,04:45:25,247.6
2026/4/26,04:46:51,258.7
2026/4/26,04:49:13,267.9
2026/4/26,04:50:38,277.6
2026/4/26,04:52:03,288.4
2026/4/26,04:54:26,297.5
2026/4/26,04:55:50,308.3
2026/4/26,04:57:15,318.0
2026/4/26,04:59:38,328.1
2026/4/26,05:01:05,338.0
2026/4/26,06:30:08,98.6
2026/4/26,06:31:50,108.6
2026/4/26,06:33:47,118.6
2026/4/26,06:35:06,128.5
2026/4/26,06:36:24,138.4
2026/4/26,06:38:43,148.3
2026/4/26,06:40:26,158.0
2026/4/26,06:41:20,167.9
2026/4/26,06:43:39,178.4
2026/4/26,06:45:19,188.7
2026/4/26,06:46:45,198.3
2026/4/26,06:48:55,207.4
2026/4/26,06:50:14,217.9
2026/4/26,06:51:41,228.8
2026/4/26,06:53:50,238.0
2026/4/26,06:55:10,247.6
2026/4/26,06:56:29,258.7
2026/4/26,06:58:46,267.9
2026/4/26,07:00:06,277.6
2026/4/26,07:01:23,288.4
2026/4/26,07:03:42,297.4
2026/4/26,07:05:02,308.2
2026/4/26,07:06:19,317.9
2026/4/26,07:08:38,328.2
2026/4/26,07:10:20,338.1
2026/4/26,10:37:54,98.5
2026/4/26,10:38:12,108.6
2026/4/26,10:41:24,118.5
2026/4/26,10:42:15,128.5
2026/4/26,11:38:25,108.6
2026/4/26,11:40:32,118.5
2026/4/26,11:44:42,148.3
2026/4/26,11:45:26,158.1
2026/4/26,11:48:16,188.7
2026/4/26,11:49:27,198.2
2026/4/26,13:37:06,98.6
2026/4/26,13:38:24,108.6
2026/4/26,13:39:43,118.5
2026/4/26,13:42:02,128.5
2026/4/26,13:43:46,138.4
2026/4/26,13:45:11,148.3
2026/4/26,13:47:19,158.1
2026/4/26,13:48:38,167.9
2026/4/26,13:50:08,178.4
2026/4/26,13:52:13,188.7
2026/4/26,13:53:33,198.2
2026/4/26,13:54:51,207.3
2026/4/26,13:57:09,217.9
2026/4/26,13:58:29,228.7
2026/4/26,13:59:47,238.0
2026/4/26,14:02:05,247.6
2026/4/26,14:03:25,258.7
2026/4/26,14:04:42,267.8
2026/4/26,14:07:01,277.6
2026/4/26,14:08:43,288.4
2026/4/26,17:39:02,98.6
2026/4/26,17:40:31,108.6
2026/4/26,17:42:40,118.5
2026/4/26,17:44:22,128.6
2026/4/26,17:45:19,138.4
2026/4/26,17:47:37,148.2
2026/4/26,17:49:19,158.1
2026/4/26,17:50:16,167.9
2026/4/26,17:52:36,178.4
2026/4/26,17:54:15,188.6
2026/4/26,17:55:15,198.1
2026/4/26,17:57:33,207.4
2026/4/26,17:59:13,217.8
2026/4/26,18:00:38,228.7
2026/4/26,18:02:55,238.0
2026/4/26,18:04:15,247.6
2026/4/26,18:05:38,258.7
2026/4/26,18:07:53,267.8
2026/4/26,18:09:34,277.6
2026/4/26,18:10:34,288.4
2026/4/26,19:38:50,98.6
2026/4/26,19:41:09,108.6
2026/4/26,19:42:50,118.5
2026/4/26,19:44:15,128.5
2026/4/26,19:46:28,138.4
2026/4/26,19:47:46,148.2
2026/4/26,19:49:14,158.1
2026/4/26,19:51:23,167.9
2026/4/26,19:52:41,178.4
2026/4/26,19:54:00,188.6
2026/4/26,19:56:17,198.3
2026/4/26,19:57:37,207.6
2026/4/26,19:58:54,217.8
2026/4/26,20:01:13,228.8
2026/4/26,20:02:33,238.1
2026/4/26,20:03:50,247.6
2026/4/26,20:06:09,258.7
2026/4/26,20:07:51,267.9
2026/4/26,20:09:17,277.6
2026/4/26,20:11:25,288.4
2026/4/26,20:12:44,297.5
2026/4/26,20:14:13,308.2
2026/4/26,20:16:21,317.9
2026/4/26,20:17:42,327.9
2026/4/26,20:18:59,338.1
2026/4/26,21:44:24,98.6
2026/4/26,21:46:43,108.6
2026/4/26,21:48:23,118.5
2026/4/26,21:49:48,128.5
2026/4/26,21:52:02,138.4
2026/4/26,21:53:21,148.2
2026/4/26,21:54:49,158.1
2026/4/26,21:56:57,167.9
2026/4/26,21:58:16,178.4
2026/4/26,21:59:35,188.5
2026/4/26,22:01:52,198.3
2026/4/26,22:03:12,207.6
2026/4/26,22:04:29,217.8
2026/4/26,22:06:48,228.8
2026/4/26,22:08:08,238.1
2026/4/26,22:09:25,247.6
2026/4/26,22:11:44,258.7
2026/4/26,22:13:26,267.8
2026/4/26,22:14:51,277.6
2026/4/26,22:17:02,288.4
2026/4/26,22:18:21,297.5
2026/4/26,22:19:49,308.2
2026/4/26,22:21:58,317.9
2026/4/26,22:23:39,328.2
2026/4/26,22:24:37,338.1
2026/4/26,23:13:38,98.7
2026/4/26,23:14:32,108.6
2026/4/26,23:17:08,118.5
2026/4/26,23:18:34,128.5
2026/4/26,23:20:00,138.4
2026/4/26,23:22:03,148.3
2026/4/26,23:23:45,158.1
2026/4/26,23:24:40,167.9
2026/4/26,23:26:58,178.4
2026/4/26,23:28:48,188.7
2026/4/26,23:30:05,198.3
2026/4/26,23:32:17,207.4
2026/4/26,23:33:35,217.8
2026/4/26,23:35:02,228.8
2026/4/26,23:37:12,238.0
2026/4/26,23:38:33,247.6
2026/4/26,23:39:50,258.7
2026/4/26,23:42:08,267.9
2026/4/26,23:43:28,277.6
2026/4/26,23:44:45,288.4
2026/4/26,23:47:04,297.5
2026/4/26,23:48:25,308.3
2026/4/26,23:49:42,317.9
2026/4/26,23:52:00,328.2
2026/4/26,23:53:42,338.1
2026/4/27,01:14:03,98.6
2026/4/27,01:15:22,108.6
2026/4/27,01:16:49,118.5
2026/4/27,01:19:12,128.5
2026/4/27,01:20:42,138.4
2026/4/27,01:22:07,148.2
2026/4/27,01:24:22,158.0
2026/4/27,01:25:50,167.9
2026/4/27,01:27:16,178.4
2026/4/27,01:29:32,188.6
2026/4/27,01:30:58,198.3
2026/4/27,01:32:24,207.8
2026/4/27,01:34:41,217.8
2026/4/27,01:36:07,228.8
2026/4/27,01:37:33,238.0
2026/4/27,01:40:11,247.7
2026/4/27,01:41:30,258.7
2026/4/27,01:42:49,267.8
2026/4/27,01:45:22,277.6
2026/4/27,01:46:49,288.4
2026/4/27,01:48:14,297.5
2026/4/27,01:50:33,308.1
2026/4/27,01:52:00,318.0
2026/4/27,01:53:25,328.2
2026/4/27,01:55:43,338.0
2026/4/27,02:45:59,98.5
2026/4/27,02:47:42,108.6
2026/4/27,02:48:36,118.5
2026/4/27,02:50:55,128.5
2026/4/27,02:52:38,138.4
2026/4/27,02:54:03,148.3
2026/4/27,02:56:10,158.1
2026/4/27,02:57:28,167.9
2026/4/27,02:59:00,178.5
2026/4/27,03:01:05,188.6
2026/4/27,03:02:46,198.2
2026/4/27,03:03:42,207.7
2026/4/27,03:06:00,217.9
2026/4/27,03:07:41,228.8
2026/4/27,03:08:38,238.2
2026/4/27,03:10:56,247.6
2026/4/27,03:12:16,258.7
2026/4/27,03:13:33,267.9
2026/4/27,03:15:52,277.6
2026/4/27,03:17:34,288.4
2026/4/27,03:18:59,297.5
2026/4/27,03:21:09,308.2
2026/4/27,03:22:28,317.9
2026/4/27,03:23:56,328.3
2026/4/27,03:26:04,338.2
2026/4/27,04:51:00,98.6
2026/4/27,04:52:42,108.6
2026/4/27,04:53:37,118.5
2026/4/27,04:56:07,128.5
2026/4/27,04:57:38,138.4
2026/4/27,04:59:03,148.3
2026/4/27,05:01:40,158.1
2026/4/27,05:02:59,167.9
2026/4/27,05:04:17,178.4
2026/4/27,05:06:48,188.6
2026/4/27,05:08:16,198.3
2026/4/27,05:09:41,207.4
2026/4/27,05:11:55,217.9
2026/4/27,05:13:24,228.8
2026/4/27,05:14:49,238.0
2026/4/27,05:17:03,247.6
2026/4/27,05:18:32,258.6
2026/4/27,05:19:57,267.9
2026/4/27,05:22:12,277.6
2026/4/27,05:23:40,288.3
2026/4/27,05:25:06,297.5
2026/4/27,05:27:42,308.3
2026/4/27,05:29:00,318.0
2026/4/27,05:30:18,328.2
2026/4/27,05:32:49,338.0
2026/4/27,06:59:59,98.6
2026/4/27,07:01:42,108.6
2026/4/27,07:02:36,118.5
2026/4/27,07:04:54,128.5
2026/4/27,07:06:38,138.4
2026/4/27,07:08:03,148.2
2026/4/27,07:10:14,158.0
2026/4/27,07:11:33,167.9
2026/4/27,07:13:00,178.4
2026/4/27,07:15:10,188.6
2026/4/27,07:16:50,198.2
2026/4/27,07:17:47,207.7
2026/4/27,07:20:04,217.9
2026/4/27,07:21:24,228.7
2026/4/27,07:22:41,238.1
2026/4/27,07:25:00,247.6
2026/4/27,07:26:20,258.7
2026/4/27,07:27:37,267.9
2026/4/27,07:29:55,277.6
2026/4/27,07:31:37,288.4
2026/4/27,07:33:02,297.5
2026/4/27,07:35:16,308.2
2026/4/27,07:36:35,317.9
2026/4/27,07:38:01,328.2
2026/4/27,07:40:11,338.0
2026/4/27,09:05:07,98.7
2026/4/27,09:06:25,108.6
2026/4/27,09:07:43,118.5
2026/4/27,09:10:15,128.5
2026/4/27,09:11:45,138.4
2026/4/27,09:13:11,148.3
2026/4/27,09:15:49,158.0
2026/4/27,09:17:08,167.9
2026/4/27,09:18:26,178.4
2026/4/27,09:20:58,188.6
2026/4/27,09:22:26,198.3
2026/4/27,09:23:51,207.7
2026/4/27,09:26:06,217.9
2026/4/27,09:27:34,228.7
2026/4/27,09:28:59,238.0
2026/4/27,09:31:15,247.5
2026/4/27,09:32:44,258.7
2026/4/27,09:34:09,267.7
2026/4/27,09:36:24,277.7
2026/4/27,09:37:53,288.4
2026/4/27,09:39:18,297.5
2026/4/27,09:41:52,308.2
2026/4/27,09:43:12,317.8
2026/4/27,09:44:30,328.2
2026/4/27,09:47:01,338.0
2026/4/27,11:12:11,98.6
2026/4/27,11:13:53,108.6
2026/4/27,11:14:47,118.5
2026/4/27,11:17:06,128.5
2026/4/27,11:18:49,138.4
2026/4/27,11:20:15,148.3
2026/4/27,11:22:25,158.0
2026/4/27,11:23:44,167.9
2026/4/27,11:25:13,178.4
2026/4/27,11:27:21,188.6
2026/4/27,11:29:02,198.3
2026/4/27,11:29:58,207.6
2026/4/27,11:32:16,217.9
2026/4/27,11:33:36,228.7
2026/4/27,11:34:53,238.1
2026/4/27,11:37:11,247.6
2026/4/27,11:38:32,258.7
2026/4/27,11:39:49,267.9
2026/4/27,11:42:07,277.6
2026/4/27,11:43:49,288.4
2026/4/27,11:45:15,297.5
2026/4/27,11:47:27,308.2
2026/4/27,11:48:46,317.9
2026/4/27,11:50:13,328.2
2026/4/27,11:52:23,338.2
2026/4/27,12:51:03,98.5
2026/4/27,12:52:29,108.7
2026/4/27,12:54:30,118.5
2026/4/27,12:56:14,128.5
2026/4/27,12:57:07,138.4
2026/4/27,12:59:56,148.3
2026/4/27,13:01:14,158.0
2026/4/27,13:02:39,167.9
2026/4/27,13:04:45,178.4
2026/4/27,13:06:03,188.7
2026/4/27,13:07:24,198.4
2026/4/27,13:09:40,207.4
2026/4/27,13:11:00,217.8
2026/4/27,13:12:17,228.8
2026/4/27,13:14:36,238.0
2026/4/27,13:16:17,247.6
2026/4/27,13:17:15,258.7
2026/4/27,13:19:32,267.8
2026/4/27,13:21:14,277.6
2026/4/27,13:22:11,288.4
2026/4/27,13:24:28,297.5
2026/4/27,13:26:10,308.2
2026/4/27,13:27:35,317.9
2026/4/27,13:29:45,328.2
2026/4/27,13:31:04,337.9
2026/4/27,15:21:25,268.0
2026/4/27,15:21:44,318.0
2026/4/27,15:24:55,328.2
2026/4/27,15:25:47,338.1
2026/4/27,15:42:23,98.5
2026/4/27,15:42:41,108.6
2026/4/27,15:45:54,118.5
2026/4/27,15:46:46,128.5
2026/4/27,17:32:46,98.6
2026/4/27,17:34:04,118.5
2026/4/27,17:36:34,128.5
2026/4/27,17:38:06,138.4
2026/4/27,17:39:31,148.3
2026/4/27,17:41:29,158.0
2026/4/27,17:43:12,167.9
2026/4/27,17:44:05,178.4
2026/4/27,17:46:25,188.6
2026/4/27,17:48:05,198.3
2026/4/27,17:49:01,207.5
2026/4/27,17:51:19,217.9
2026/4/27,17:53:01,228.8
2026/4/27,17:54:27,238.0
2026/4/27,17:56:33,247.6
2026/4/27,17:57:52,258.7
2026/4/27,17:59:23,267.9
2026/4/27,18:01:28,277.6
2026/4/27,18:02:49,288.3
2026/4/27,18:04:06,297.5
2026/4/27,18:06:25,308.2
2026/4/27,18:08:06,318.0
2026/4/27,18:09:03,328.0
2026/4/27,18:11:20,338.0
2026/4/27,20:55:22,98.6
2026/4/27,20:56:21,108.6
2026/4/27,20:57:51,118.5
2026/4/27,20:59:09,128.5
2026/4/27,21:00:43,138.4
2026/4/27,21:02:18,148.3
2026/4/27,21:03:57,158.0
2026/4/27,21:05:47,167.9
2026/4/27,21:07:06,178.4
2026/4/27,21:08:41,188.5
2026/4/27,21:10:19,198.2
2026/4/27,21:12:05,207.6
2026/4/27,21:13:28,217.8
2026/4/27,21:15:03,228.7
2026/4/27,21:16:41,238.1
2026/4/27,21:18:17,247.6
2026/4/27,21:19:51,258.7
2026/4/27,21:21:26,267.9
2026/4/27,21:23:04,277.6
2026/4/27,21:24:40,288.4
2026/4/27,21:26:14,297.5
2026/4/27,21:27:49,308.2
2026/4/27,21:29:28,317.9
2026/4/27,21:31:03,328.2
2026/4/27,21:32:37,338.2
2026/4/27,22:13:56,98.6
2026/4/27,23:26:24,138.4
2026/4/27,23:26:55,148.3
2026/4/27,23:27:13,158.1
2026/4/27,23:28:22,167.9
2026/4/28,00:38:14,98.7
2026/4/28,00:39:39,108.6
2026/4/28,00:41:03,118.5
2026/4/28,00:42:27,128.5
2026/4/28,00:43:51,138.4
2026/4/28,00:45:15,148.3
2026/4/28,00:46:39,158.0
2026/4/28,00:48:03,167.9
2026/4/28,00:49:27,178.4
2026/4/28,00:50:51,188.6
2026/4/28,00:52:15,198.1
2026/4/28,00:53:39,207.6
2026/4/28,00:54:59,217.9
2026/4/28,00:56:27,228.8
2026/4/28,00:57:47,238.0
2026/4/28,00:59:11,247.6
2026/4/28,01:00:35,258.6
2026/4/28,01:01:59,267.8
2026/4/28,01:03:23,277.6
2026/4/28,01:04:47,288.4
2026/4/28,01:06:11,297.5
2026/4/28,01:30:19,98.6
2026/4/28,01:31:20,108.6
2026/4/28,01:32:50,118.5
2026/4/28,01:34:08,128.5
2026/4/28,01:35:27,138.4
2026/4/28,01:36:45,148.3
2026/4/28,01:38:06,158.1
2026/4/28,01:39:34,167.9
2026/4/28,01:40:58,178.5
2026/4/28,01:42:22,188.7
2026/4/28,01:43:46,198.2
2026/4/28,01:44:42,207.5
2026/4/28,01:46:00,217.8
2026/4/28,01:47:19,228.8
2026/4/28,01:48:39,238.1
2026/4/28,01:49:58,247.6
2026/4/28,01:51:17,258.7
2026/4/28,01:52:36,267.8
2026/4/28,01:53:56,277.6
2026/4/28,01:55:23,288.4
2026/4/28,01:56:49,297.4
2026/4/28,01:58:15,308.2
2026/4/28,01:59:44,317.9
2026/4/28,02:01:02,328.2
2026/4/28,02:02:21,338.2
2026/4/28,04:21:48,98.5
2026/4/28,04:23:12,108.6
2026/4/28,04:24:36,118.5
2026/4/28,04:26:00,128.5
2026/4/28,04:27:24,138.4
2026/4/28,04:28:48,148.3
2026/4/28,04:30:12,158.0
2026/4/28,04:31:37,167.9
2026/4/28,04:33:01,178.4
2026/4/28,04:34:24,188.4
2026/4/28,04:35:49,198.1
2026/4/28,04:37:13,207.6
2026/4/28,04:38:34,217.8
2026/4/28,04:39:58,228.8
2026/4/28,04:41:22,238.0
2026/4/28,04:42:46,247.6
2026/4/28,04:44:10,258.7
2026/4/28,04:45:34,267.7
2026/4/28,04:46:58,277.6
2026/4/28,04:48:22,288.4
2026/4/28,04:49:46,297.4
2026/4/28,04:51:10,308.2
2026/4/28,04:52:34,317.9
2026/4/28,04:53:58,328.2
2026/4/28,04:55:22,338.2
2026/4/28,06:06:42,98.7
2026/4/28,06:08:06,108.6
2026/4/28,06:09:30,118.5
2026/4/28,06:10:54,128.5
2026/4/28,06:12:18,138.4
2026/4/28,06:13:43,148.3
2026/4/28,06:15:06,158.1
2026/4/28,06:16:30,167.8
2026/4/28,06:17:54,178.5
2026/4/28,06:19:18,188.5
2026/4/28,06:20:42,198.2
2026/4/28,06:22:07,207.7
2026/4/28,06:23:28,217.9
2026/4/28,06:24:52,228.8
2026/4/28,06:26:16,238.1
2026/4/28,06:27:40,247.6
2026/4/28,06:29:04,258.7
2026/4/28,06:30:29,267.9
2026/4/28,06:31:52,277.6
2026/4/28,06:33:16,288.3
2026/4/28,06:34:40,297.5
2026/4/28,06:36:04,308.2
2026/4/28,06:37:28,317.9
2026/4/28,06:38:51,328.2
2026/4/28,06:40:15,338.2
2026/4/28,07:25:03,98.6
2026/4/28,07:26:27,108.6
2026/4/28,07:27:50,118.5
2026/4/28,07:29:14,128.5
2026/4/28,07:30:38,138.4
2026/4/28,07:32:02,148.3
2026/4/28,07:33:45,158.1
2026/4/28,07:34:48,167.8
2026/4/28,07:36:12,178.4
2026/4/28,07:37:36,188.6
2026/4/28,07:39:00,198.2
2026/4/28,07:40:24,207.7
2026/4/28,07:41:47,217.8
2026/4/28,07:43:11,228.8
2026/4/28,07:44:34,238.0
2026/4/28,07:45:58,247.6
2026/4/28,08:57:20,98.6
2026/4/28,08:58:44,108.6
2026/4/28,09:00:08,118.5
2026/4/28,09:01:32,128.5
2026/4/28,09:02:56,138.4
2026/4/28,09:04:20,148.3
2026/4/28,09:05:44,158.1
2026/4/28,09:07:08,167.9
2026/4/28,09:08:33,178.4
2026/4/28,09:09:56,188.6
2026/4/28,09:11:20,198.2
2026/4/28,09:12:44,207.6
2026/4/28,09:14:06,217.9
2026/4/28,09:15:30,228.8
2026/4/28,09:16:54,238.0
2026/4/28,09:18:21,247.6
2026/4/28,09:19:41,258.7
2026/4/28,09:21:05,267.9
2026/4/28,09:22:29,277.6
2026/4/28,09:23:53,288.4
2026/4/28,09:25:17,297.5
2026/4/28,09:26:41,308.2
2026/4/28,09:28:05,317.9
2026/4/28,09:29:29,328.2
2026/4/28,09:30:53,338.1
2026/4/28,11:40:23,178.4
2026/4/28,11:40:52,188.5
2026/4/28,11:41:10,198.1
2026/4/28,11:42:18,207.4
2026/4/28,12:16:38,98.6
2026/4/28,12:18:02,108.6
2026/4/28,12:19:26,118.5
2026/4/28,12:20:50,128.5
2026/4/28,12:22:14,138.4
2026/4/28,12:23:38,148.2
2026/4/28,12:25:02,158.1
2026/4/28,12:26:26,167.9
2026/4/28,12:27:50,178.4
2026/4/28,12:29:14,188.6
2026/4/28,12:30:38,198.1
2026/4/28,12:32:02,207.6
2026/4/28,12:33:24,217.8
2026/4/28,12:34:47,228.7
2026/4/28,12:36:11,238.0
2026/4/28,12:37:35,247.6
2026/4/28,12:38:59,258.7
2026/4/28,12:40:23,267.9
2026/4/28,12:41:47,277.6
2026/4/28,12:43:18,288.4
2026/4/28,12:44:35,297.5
2026/4/28,12:45:59,308.2
2026/4/28,12:47:23,317.8
2026/4/28,12:48:47,328.2
2026/4/28,12:50:11,338.0
2026/4/28,14:57:56,198.2
2026/4/28,14:58:14,207.4
2026/4/28,15:01:37,217.9
2026/4/28,15:02:27,228.7
2026/4/28,15:58:24,178.4
2026/4/28,15:58:42,188.5
2026/4/28,16:01:55,198.1
2026/4/28,16:03:22,207.6
2026/4/28,16:38:15,98.5
2026/4/28,16:39:34,108.6
2026/4/28,16:40:53,118.5
2026/4/28,16:42:13,128.5
2026/4/28,16:43:37,138.4
2026/4/28,16:45:01,148.3
2026/4/28,16:46:25,158.0
2026/4/28,16:47:49,167.9
2026/4/28,16:49:13,178.4
2026/4/28,16:50:37,188.7
2026/4/28,16:52:01,198.2
2026/4/28,16:53:44,207.6
2026/4/28,16:54:46,217.9
2026/4/28,16:56:10,228.7
2026/4/28,16:57:34,238.0
2026/4/28,16:58:58,247.6
2026/4/28,17:00:24,258.7
2026/4/28,17:01:46,267.8
2026/4/28,17:03:10,277.6
2026/4/28,17:04:34,288.4
2026/4/28,17:05:58,297.5
2026/4/28,17:07:22,308.2
2026/4/28,17:08:45,317.9
2026/4/28,17:10:10,328.2
2026/4/28,17:11:34,338.0
2026/4/28,17:49:21,98.6
2026/4/28,17:50:45,108.6
2026/4/28,17:52:08,118.5
2026/4/28,17:53:32,128.5
2026/4/28,17:54:56,138.4
2026/4/28,17:56:21,148.2
2026/4/28,17:57:44,158.1
2026/4/28,17:59:08,167.9
2026/4/28,18:00:32,178.4
2026/4/28,18:01:55,188.7
2026/4/28,18:03:20,198.1
2026/4/28,18:04:44,207.6
2026/4/28,18:06:06,217.9
2026/4/28,18:07:30,228.8
2026/4/28,18:08:53,238.1
2026/4/28,18:10:17,247.6
2026/4/28,18:11:41,258.7
2026/4/28,18:13:05,267.7
2026/4/28,18:14:29,277.6
2026/4/28,18:15:53,288.4
2026/4/28,18:17:17,297.4
2026/4/28,18:18:41,308.2
2026/4/28,18:20:05,317.9
2026/4/28,18:21:29,328.2
2026/4/28,18:23:15,338.2
2026/4/28,19:04:53,128.5
2026/4/28,19:06:17,138.4
2026/4/28,19:07:41,148.2
2026/4/28,19:09:07,158.1
2026/4/28,19:10:29,167.9
2026/4/28,19:11:53,178.4
2026/4/28,19:13:18,188.6
2026/4/28,19:14:42,198.1
2026/4/28,19:16:06,207.7
2026/4/28,19:17:30,217.9
2026/4/28,19:18:54,228.7
2026/4/28,19:20:19,238.0
2026/4/28,19:21:39,247.6
2026/4/28,19:23:03,258.7
2026/4/28,19:24:27,267.9
2026/4/28,19:25:51,277.6
2026/4/28,19:27:15,288.4
2026/4/28,19:28:39,297.5
2026/4/28,19:30:03,308.2
2026/4/28,19:31:27,317.9
2026/4/28,19:32:50,328.2
2026/4/28,19:34:15,338.0
2026/4/28,20:44:14,108.6
2026/4/28,20:45:37,118.5
2026/4/28,20:47:02,128.6
2026/4/28,20:48:25,138.4
2026/4/28,20:49:49,148.3
2026/4/28,20:51:13,158.1
2026/4/28,20:52:37,167.9
2026/4/28,20:54:01,178.4
2026/4/28,20:55:25,188.7
2026/4/28,20:56:49,198.2
2026/4/28,20:58:13,207.7
2026/4/28,20:59:37,217.9
2026/4/28,21:01:41,228.7
2026/4/28,21:02:22,238.0
2026/4/28,21:03:46,247.6
2026/4/28,21:05:10,258.7
2026/4/28,21:06:34,267.7
2026/4/28,21:07:58,277.6
2026/4/28,21:09:22,288.4
2026/4/28,21:10:46,297.5
2026/4/28,21:12:10,308.1
2026/4/28,21:13:34,317.9
2026/4/28,21:14:58,328.2
2026/4/28,21:16:22,338.1
2026/4/28,22:22:07,98.7
2026/4/28,22:23:31,108.6
2026/4/28,22:24:55,118.5
2026/4/28,22:26:19,128.5
2026/4/28,22:27:43,138.4
2026/4/28,22:29:07,148.3
2026/4/28,22:30:31,158.1
2026/4/28,22:31:55,167.9
2026/4/28,22:33:19,178.4
2026/4/28,22:34:43,188.9
2026/4/28,22:36:07,198.1
2026/4/28,23:14:05,247.6
2026/4/28,23:15:29,258.7
2026/4/28,23:16:53,267.8
2026/4/28,23:18:17,277.6
2026/4/29,00:11:10,98.6
2026/4/29,00:12:31,108.6
2026/4/29,00:13:49,118.5
2026/4/29,00:15:08,128.5
2026/4/29,00:16:27,138.4
2026/4/29,00:17:51,148.2
2026/4/29,00:19:15,158.1
2026/4/29,00:20:39,167.9
2026/4/29,00:22:03,178.5
2026/4/29,00:23:27,188.6
2026/4/29,00:24:51,198.2
2026/4/29,00:26:15,207.6
2026/4/29,00:27:36,217.8
2026/4/29,00:29:00,228.7
2026/4/29,00:30:24,238.0
2026/4/29,00:31:48,247.6
2026/4/29,00:33:12,258.7
2026/4/29,00:34:35,267.8
2026/4/29,00:35:59,277.6
2026/4/29,00:37:23,288.4
2026/4/29,00:38:47,297.5
2026/4/29,00:40:11,308.2
2026/4/29,00:41:35,317.8
2026/4/29,00:42:59,328.2
2026/4/29,00:44:23,338.2
2026/4/29,02:35:33,188.7
2026/4/29,02:37:01,198.2
2026/4/29,02:38:26,207.6
2026/4/29,02:39:54,217.9
2026/4/29,03:18:28,98.6
2026/4/29,03:19:51,108.6
2026/4/29,03:21:16,118.5
2026/4/29,03:22:40,128.5
2026/4/29,03:24:03,138.4
2026/4/29,03:25:27,148.3
2026/4/29,03:26:52,158.1
2026/4/29,03:28:16,167.9
2026/4/29,03:29:40,178.4
2026/4/29,03:31:04,188.7
2026/4/29,03:32:28,198.2
2026/4/29,03:33:52,207.6
2026/4/29,03:35:15,217.9
2026/4/29,03:36:37,228.8
2026/4/29,03:38:01,238.0
2026/4/29,03:39:25,247.6
2026/4/29,03:40:49,258.7
2026/4/29,03:42:13,267.8
2026/4/29,03:43:37,277.6
2026/4/29,03:45:01,288.4
2026/4/29,03:46:25,297.5
2026/4/29,03:47:49,308.2
2026/4/29,03:49:13,317.9
2026/4/29,03:50:37,328.2
2026/4/29,03:52:01,338.2
2026/4/29,05:03:22,98.6
2026/4/29,05:04:46,108.6
2026/4/29,05:06:11,118.5
2026/4/29,05:07:35,128.4
2026/4/29,05:08:58,138.4
2026/4/29,05:10:23,148.3
2026/4/29,05:11:47,158.1
2026/4/29,05:13:11,167.9
2026/4/29,05:14:35,178.5
2026/4/29,05:15:59,188.4
2026/4/29,05:17:23,198.2
2026/4/29,05:18:47,207.6
2026/4/29,05:20:08,217.8
2026/4/29,05:21:32,228.8
2026/4/29,05:22:55,238.0
2026/4/29,05:24:19,247.6
2026/4/29,05:25:44,258.7
2026/4/29,05:27:10,267.8
2026/4/29,05:28:32,277.6
2026/4/29,05:29:55,288.4
2026/4/29,05:31:19,297.5
2026/4/29,05:32:43,308.2
2026/4/29,05:34:08,317.9
2026/4/29,05:35:31,328.2
2026/4/29,05:36:55,338.2
2026/4/29,10:46:53,98.6
2026/4/29,10:48:14,108.6
2026/4/29,10:49:33,118.5
2026/4/29,10:50:52,128.5
2026/4/29,10:52:14,138.4
2026/4/29,10:53:37,148.2
2026/4/29,10:55:01,158.0
2026/4/29,10:56:25,167.9
2026/4/29,10:57:49,178.4
2026/4/29,10:59:13,188.6
2026/4/29,11:00:37,198.2
2026/4/29,11:02:02,207.7
2026/4/29,11:03:23,217.8
2026/4/29,11:04:47,228.8
2026/4/29,11:06:10,238.1
2026/4/29,11:07:34,247.6
2026/4/29,11:08:58,258.7
2026/4/29,11:10:23,267.9
2026/4/29,11:11:46,277.6
2026/4/29,11:13:33,288.4
2026/4/29,20:29:45,98.7
2026/4/29,20:30:03,108.6
2026/4/29,20:34:45,118.6
2026/4/29,20:35:24,128.5
2026/4/30,08:02:38,98.7
2026/4/30,08:04:02,108.7
2026/4/30,08:05:26,118.5
2026/4/30,08:06:50,128.5
2026/4/30,08:08:14,138.5
2026/4/30,08:09:38,148.3
2026/4/30,08:11:02,158.1
2026/4/30,08:12:26,167.9
2026/4/30,08:13:50,178.4
2026/4/30,08:15:14,188.7
2026/4/30,08:16:38,198.3
2026/4/30,08:18:02,207.7
2026/4/30,08:19:25,217.9
2026/4/30,08:20:47,228.8
2026/4/30,08:22:17,238.0
2026/4/30,08:23:35,247.7
2026/4/30,08:24:59,258.7
2026/4/30,08:26:22,267.9
2026/4/30,08:27:46,277.6
2026/4/30,08:29:10,288.3
2026/4/30,08:30:34,297.3
2026/4/30,08:31:58,308.2
2026/4/30,08:33:44,317.8
2026/4/30,08:34:46,328.0
2026/4/30,08:36:10,338.3
2026/4/30,09:47:29,98.7
2026/4/30,10:29:25,207.7
2026/4/30,10:29:43,217.9
2026/4/30,10:33:02,228.7
2026/4/30,10:33:53,238.0
2026/4/30,11:31:10,98.7
2026/4/30,11:32:10,108.6
2026/4/30,11:33:41,118.6
2026/4/30,11:34:59,128.5
2026/4/30,11:36:18,138.5
2026/4/30,11:37:37,148.3
2026/4/30,11:38:57,158.1
2026/4/30,11:40:44,167.9
2026/4/30,11:41:49,178.4
2026/4/30,11:43:13,188.8
2026/4/30,11:44:37,198.4
2026/4/30,11:45:33,207.7
2026/4/30,11:46:51,217.9
2026/4/30,11:48:12,228.7
2026/4/30,11:49:30,238.1
2026/4/30,11:50:49,247.7
2026/4/30,11:52:08,258.7
2026/4/30,11:53:27,267.9
2026/4/30,11:54:48,277.6
2026/4/30,11:56:15,288.4
2026/4/30,11:57:40,297.3
2026/4/30,11:59:05,308.2
2026/4/30,12:00:34,317.9
2026/4/30,12:01:53,328.1
2026/4/30,12:03:12,338.4
2026/4/30,13:14:06,98.7
2026/4/30,13:15:30,108.7
2026/4/30,13:16:54,118.6
2026/4/30,13:18:18,128.5
2026/4/30,13:19:41,138.5
2026/4/30,13:21:06,148.3
2026/4/30,13:22:30,158.1
2026/4/30,13:23:53,167.9
2026/4/30,13:25:18,178.5
2026/4/30,13:26:42,188.8
2026/4/30,13:28:06,198.2
2026/4/30,13:29:30,207.7
2026/4/30,13:30:51,217.8
2026/4/30,13:32:15,228.8
2026/4/30,13:33:39,238.1
2026/4/30,13:35:03,247.7
2026/4/30,13:36:27,258.7
2026/4/30,13:37:50,267.8
2026/4/30,13:39:14,277.6
2026/4/30,13:40:39,288.3
2026/4/30,13:42:02,297.3
2026/4/30,13:43:26,308.2
2026/4/30,13:44:50,317.7
2026/4/30,13:46:14,328.0
2026/4/30,13:47:38,338.4
2026/4/30,14:58:59,98.7
2026/4/30,15:00:23,108.7
2026/4/30,15:01:47,118.5
2026/4/30,15:03:11,128.5
2026/4/30,15:04:35,138.5
2026/4/30,15:05:59,148.3
2026/4/30,15:07:23,158.1
2026/4/30,15:08:46,167.9
2026/4/30,15:10:11,178.4
2026/4/30,15:11:35,188.7
2026/4/30,15:12:59,198.5
2026/4/30,15:14:23,207.7
2026/4/30,15:15:44,217.9
2026/4/30,15:17:07,228.8
2026/4/30,15:18:32,238.1
2026/4/30,15:19:56,247.6
2026/4/30,15:21:20,258.7
2026/4/30,15:22:44,267.8
2026/4/30,15:24:08,277.6
2026/4/30,15:25:32,288.3
2026/4/30,15:26:55,297.3
2026/4/30,15:28:20,308.2
2026/4/30,15:29:44,317.8
2026/4/30,15:31:07,328.0
2026/4/30,15:32:31,338.3
2026/4/30,17:33:58,228.6
2026/4/30,17:34:32,247.7
2026/4/30,17:38:05,258.7
2026/4/30,17:38:56,267.9
2026/4/30,18:28:17,228.6
2026/4/30,18:28:35,247.6
2026/4/30,18:32:20,258.7
2026/4/30,18:33:11,267.8
2026/4/30,19:42:03,98.7
2026/4/30,19:43:27,108.7
2026/4/30,19:44:51,118.5
2026/4/30,19:46:15,128.5
2026/4/30,19:47:39,138.5
2026/4/30,19:49:03,148.3
2026/4/30,19:50:28,158.1
2026/4/30,19:51:52,167.9
2026/4/30,19:53:16,178.4
2026/4/30,19:54:40,188.7
2026/4/30,19:56:04,198.3
2026/4/30,19:57:28,207.7
2026/4/30,19:58:49,217.9
2026/4/30,20:00:13,228.8
2026/4/30,20:01:38,238.1
2026/4/30,20:03:01,247.7
2026/4/30,20:04:25,258.7
2026/4/30,20:05:49,267.9
2026/4/30,20:07:13,277.6
2026/4/30,20:08:37,288.4
2026/4/30,20:10:01,297.3
2026/4/30,20:11:25,308.2
2026/4/30,20:12:49,317.8
2026/4/30,20:14:13,328.1
2026/4/30,20:15:37,338.4
2026/4/30,21:27:17,98.7
2026/4/30,21:28:21,108.6
2026/4/30,21:29:45,118.5
2026/4/30,21:31:09,128.5
2026/4/30,21:32:33,138.5
2026/4/30,21:33:57,148.3
2026/4/30,21:35:21,158.1
2026/4/30,21:36:45,167.9
2026/4/30,21:38:08,178.4
2026/4/30,21:39:33,188.7
2026/4/30,21:40:56,198.3
2026/4/30,21:42:20,207.6
2026/4/30,21:43:42,217.9
2026/4/30,21:45:05,228.8
2026/4/30,21:46:29,238.1
2026/4/30,21:47:53,247.7
2026/4/30,21:49:17,258.7
2026/4/30,21:50:41,267.8
2026/4/30,21:52:05,277.6
2026/4/30,21:53:29,288.3
2026/4/30,21:54:53,297.3
2026/4/30,21:56:17,308.2
2026/4/30,21:57:41,317.8
2026/4/30,21:59:05,328.0
2026/4/30,22:00:29,338.3
2026/4/30,23:11:50,108.6
2026/4/30,23:13:14,138.5
2026/4/30,23:14:38,148.3
2026/4/30,23:16:02,158.1
2026/4/30,23:17:26,167.9
2026/4/30,23:18:50,178.4
2026/4/30,23:20:14,188.7
2026/4/30,23:21:38,198.3
2026/4/30,23:23:03,217.9
2026/4/30,23:24:27,228.7
2026/4/30,23:25:51,238.1
2026/4/30,23:27:15,247.7
2026/4/30,23:29:17,258.7
2026/4/30,23:30:00,267.9
2026/4/30,23:31:24,277.6
2026/4/30,23:32:48,288.3
2026/4/30,23:34:12,297.3
2026/4/30,23:35:36,308.2
2026/4/30,23:37:00,317.7
2026/4/30,23:38:24,328.1
2026/4/30,23:39:48,338.1
2026/5/1,00:30:58,297.3
2026/5/1,00:31:17,308.2
2026/5/1,00:34:59,317.8
2026/5/1,00:35:19,328.0
2026/5/1,01:12:08,98.7
2026/5/1,01:13:27,108.6
2026/5/1,01:14:47,118.5
2026/5/1,01:16:12,128.6
2026/5/1,01:17:36,138.5
2026/5/1,01:19:00,148.3
2026/5/1,01:20:24,158.1
2026/5/1,01:21:48,167.9
2026/5/1,01:23:12,178.4
2026/5/1,01:24:36,188.8
2026/5/1,01:26:18,198.3
2026/5/1,01:27:22,207.7
2026/5/1,01:29:25,217.8
2026/5/1,01:30:08,228.8
2026/5/1,01:31:32,238.1
2026/5/1,01:33:01,247.7
2026/5/1,01:34:20,258.7
2026/5/1,01:35:44,267.8
2026/5/1,01:37:08,277.6
2026/5/1,01:38:32,288.2
2026/5/1,01:39:56,297.3
2026/5/1,01:41:20,308.2
2026/5/1,01:42:44,317.7
2026/5/1,01:44:08,328.1
2026/5/1,01:45:32,338.0
2026/5/1,02:24:42,98.7
2026/5/1,02:26:06,108.6
2026/5/1,02:27:30,118.5
2026/5/1,02:28:55,128.6
2026/5/1,02:30:18,138.5
2026/5/1,02:31:42,148.3
2026/5/1,02:33:06,158.1
2026/5/1,02:34:30,167.9
2026/5/1,02:35:54,178.4
2026/5/1,02:37:18,188.8
2026/5/1,02:39:21,198.3
2026/5/1,02:40:04,207.7
2026/5/1,02:41:27,217.9
2026/5/1,02:43:12,228.7
2026/5/1,02:44:15,238.1
2026/5/1,02:45:45,247.7
2026/5/1,02:47:02,258.7
2026/5/1,02:48:27,267.9
2026/5/1,02:49:50,277.6
2026/5/1,02:51:14,288.3
2026/5/1,02:52:38,297.3
2026/5/1,02:54:02,308.2
2026/5/1,02:55:26,317.8
2026/5/1,02:56:50,328.0
2026/5/1,02:58:14,338.0
2026/5/1,03:40:12,98.7
2026/5/1,03:41:36,108.7
2026/5/1,03:43:00,118.6
2026/5/1,03:44:24,128.6
2026/5/1,03:45:48,138.5
2026/5/1,03:47:11,148.3
2026/5/1,03:48:36,158.1
2026/5/1,03:50:00,167.9
2026/5/1,03:51:24,178.5
2026/5/1,03:52:48,188.7
2026/5/1,03:54:12,198.2
2026/5/1,03:55:36,207.6
2026/5/1,03:57:19,217.9
2026/5/1,03:58:22,228.8
2026/5/1,03:59:45,238.1
2026/5/1,04:01:09,247.7
2026/5/1,04:02:33,258.7
2026/5/1,04:03:57,267.8
2026/5/1,04:05:21,277.6
2026/5/1,04:06:45,288.3
2026/5/1,04:08:09,297.3
2026/5/1,04:09:33,308.2
2026/5/1,04:10:57,317.7
2026/5/1,04:12:21,328.1
2026/5/1,04:13:45,337.9
2026/5/1,04:51:31,98.7
2026/5/1,04:52:56,108.6
2026/5/1,04:54:20,118.6
2026/5/1,04:55:44,128.5
2026/5/1,04:57:08,138.4
2026/5/1,04:58:32,148.3
2026/5/1,04:59:56,158.1
2026/5/1,05:01:20,167.9
2026/5/1,05:02:44,178.5
2026/5/1,05:04:08,188.7
2026/5/1,05:05:32,198.3
2026/5/1,05:06:56,207.6
2026/5/1,05:08:17,217.9
2026/5/1,05:09:41,228.8
2026/5/1,05:11:16,238.1
2026/5/1,05:12:31,247.7
2026/5/1,05:13:55,258.7
2026/5/1,05:15:19,267.8
2026/5/1,05:16:43,277.6
2026/5/1,05:18:07,288.3
2026/5/1,05:19:31,297.3
2026/5/1,05:20:55,308.2
2026/5/1,05:22:19,317.7
2026/5/1,05:23:43,328.0
2026/5/1,05:25:07,338.0
2026/5/1,06:36:29,98.7
2026/5/1,06:37:54,108.6
2026/5/1,06:39:17,118.5
2026/5/1,06:40:44,128.5
2026/5/1,06:42:06,138.5
2026/5/1,06:43:30,148.3
2026/5/1,06:44:53,158.1
2026/5/1,06:46:18,167.9
2026/5/1,06:47:42,178.4
2026/5/1,06:49:06,188.7
2026/5/1,06:50:30,198.4
2026/5/1,06:51:54,207.7
2026/5/1,06:53:15,217.9
2026/5/1,06:54:39,228.8
2026/5/1,06:56:03,238.1
2026/5/1,06:57:27,247.7
2026/5/1,06:58:51,258.7
2026/5/1,07:00:15,267.9
2026/5/1,07:01:39,277.6
2026/5/1,07:03:03,288.4
2026/5/1,07:04:27,297.3
2026/5/1,07:05:51,308.2
2026/5/1,07:07:15,317.7
2026/5/1,07:08:39,328.1
2026/5/1,07:10:03,338.1
2026/5/1,08:21:38,98.7
2026/5/1,08:23:02,108.6
2026/5/1,08:24:27,118.6
2026/5/1,08:25:51,128.5
2026/5/1,08:27:15,138.5
2026/5/1,08:28:39,148.3
2026/5/1,08:30:03,158.1
2026/5/1,08:31:26,167.9
2026/5/1,08:32:50,178.4
2026/5/1,08:34:14,188.7
2026/5/1,08:35:38,198.3
2026/5/1,08:37:02,207.6
2026/5/1,08:38:46,217.9
2026/5/1,08:39:48,228.8
2026/5/1,08:41:12,238.1
2026/5/1,08:42:36,247.7
2026/5/1,08:44:00,258.7
2026/5/1,08:45:24,267.8
2026/5/1,08:46:47,277.6
2026/5/1,08:48:11,288.3
2026/5/1,08:49:35,297.3
2026/5/1,08:50:59,308.2
2026/5/1,08:52:23,317.8
2026/5/1,08:53:47,328.0
2026/5/1,08:55:11,338.3
2026/5/1,09:38:34,98.7
2026/5/1,09:39:58,108.6
2026/5/1,09:41:22,118.5
2026/5/1,09:42:46,128.5
2026/5/1,09:44:11,138.5
2026/5/1,09:45:34,148.3
2026/5/1,09:46:58,158.1
2026/5/1,09:48:22,167.9
2026/5/1,09:49:46,178.4
2026/5/1,09:51:10,188.7
2026/5/1,09:52:34,198.2
2026/5/1,09:53:58,207.7
2026/5/1,09:55:41,217.8
2026/5/1,09:56:44,228.8
2026/5/1,09:58:08,238.0
2026/5/1,09:59:32,247.7
2026/5/1,10:00:56,258.7
2026/5/1,10:02:20,267.8
2026/5/1,10:03:44,277.6
2026/5/1,10:05:07,288.3
2026/5/1,10:06:32,297.3
2026/5/1,10:07:56,308.2
2026/5/1,10:09:20,317.7
2026/5/1,10:10:43,328.0
2026/5/1,10:12:07,338.3
2026/5/1,11:23:28,98.7
2026/5/1,11:24:52,108.6
2026/5/1,11:26:16,118.5
2026/5/1,11:27:40,128.5
2026/5/1,11:29:04,138.5
2026/5/1,11:30:28,148.3
2026/5/1,11:31:52,158.1
2026/5/1,11:33:16,167.9
2026/5/1,11:34:40,178.5
2026/5/1,11:36:05,188.8
2026/5/1,11:37:29,198.4
2026/5/1,11:38:53,207.6
2026/5/1,11:40:36,217.9
2026/5/1,11:41:38,228.8
2026/5/1,11:43:02,238.1
2026/5/1,11:44:26,247.7
2026/5/1,11:45:50,258.7
2026/5/1,11:47:14,267.8
2026/5/1,11:48:41,277.6
2026/5/1,11:50:02,288.2
2026/5/1,11:51:26,297.3
2026/5/1,11:52:50,308.2
2026/5/1,11:54:14,317.7
2026/5/1,11:55:38,328.1
2026/5/1,11:57:02,338.0
2026/5/1,13:09:53,98.7
2026/5/1,13:11:18,108.7
2026/5/1,13:12:44,118.5
2026/5/1,13:14:13,128.5
2026/5/1,13:15:32,138.5
2026/5/1,14:20:57,98.7
2026/5/1,14:22:21,108.7
2026/5/1,14:23:45,118.6
2026/5/1,14:25:09,128.5
2026/5/1,14:26:33,138.5
2026/5/1,14:27:57,148.3
2026/5/1,14:29:21,158.1
2026/5/1,14:30:45,167.9
2026/5/1,14:32:09,178.4
2026/5/1,14:33:33,188.6
2026/5/1,14:34:57,198.1
2026/5/1,14:36:21,207.7
2026/5/1,14:38:03,217.8
2026/5/1,14:39:06,228.8
2026/5/1,14:40:30,238.1
2026/5/1,14:41:53,247.7
2026/5/1,14:43:18,258.7
2026/5/1,14:44:41,267.8
2026/5/1,14:46:06,277.6
2026/5/1,14:47:30,288.3
2026/5/1,14:48:54,297.3
2026/5/1,14:50:17,308.2
2026/5/1,14:51:42,317.8
2026/5/1,14:53:06,328.1
2026/5/1,14:54:30,338.3
2026/5/1,16:05:50,98.7
2026/5/1,16:07:14,108.7
2026/5/1,16:08:38,118.5
2026/5/1,16:10:02,128.5
2026/5/1,16:11:27,138.5
2026/5/1,16:12:51,148.3
2026/5/1,16:14:32,158.1
2026/5/1,16:15:48,167.9
2026/5/1,16:17:12,178.4
2026/5/1,16:18:36,188.7
2026/5/1,16:20:00,198.3
2026/5/1,16:21:25,207.7
2026/5/1,16:23:27,217.8
2026/5/1,16:24:10,228.8
2026/5/1,16:25:34,238.1
2026/5/1,16:26:58,247.6
2026/5/1,16:28:21,258.7
2026/5/1,16:29:45,267.8
2026/5/1,16:31:10,277.6
2026/5/1,16:32:33,288.3
2026/5/1,16:33:57,297.3
2026/5/1,16:35:21,308.2
2026/5/1,16:36:45,317.7
2026/5/1,16:38:09,328.1
2026/5/1,16:39:33,338.0
2026/5/1,17:08:58,98.7
2026/5/1,17:10:21,108.6
2026/5/1,17:11:46,118.5
2026/5/1,17:13:08,128.6
2026/5/1,17:14:32,138.5
2026/5/1,17:15:56,148.3
2026/5/1,17:17:20,158.1
2026/5/1,17:18:44,168.0
2026/5/1,17:20:09,178.4
2026/5/1,17:21:32,188.7
2026/5/1,17:22:56,198.3
2026/5/1,17:24:20,207.7
2026/5/1,17:25:47,217.9
2026/5/1,17:27:06,228.8
2026/5/1,17:28:30,238.1
2026/5/1,17:29:54,247.7
2026/5/1,17:31:18,258.7
2026/5/1,17:32:42,267.9
2026/5/1,17:34:06,277.6
2026/5/1,17:35:30,288.3
2026/5/1,17:36:54,297.3
2026/5/1,17:38:18,308.1
2026/5/1,17:39:42,317.7
2026/5/1,17:41:06,328.1
2026/5/1,17:42:30,338.4
2026/5/1,18:12:18,98.7
2026/5/1,18:13:18,108.6
2026/5/1,18:14:49,118.5
2026/5/1,18:16:07,128.5
2026/5/1,18:17:26,138.5
2026/5/1,18:18:44,148.3
2026/5/1,18:20:05,158.1
2026/5/1,18:21:31,167.9
2026/5/1,18:22:55,178.4
2026/5/1,18:24:19,188.7
2026/5/1,18:25:43,198.3
2026/5/1,18:26:41,207.7
2026/5/1,18:27:59,217.9
2026/5/1,18:29:18,228.8
2026/5/1,18:30:39,238.1
2026/5/1,18:31:58,247.7
2026/5/1,18:33:16,258.7
2026/5/1,18:34:34,267.8
2026/5/1,18:35:55,277.6
2026/5/1,18:37:41,288.3
2026/5/1,18:38:47,297.3
2026/5/1,18:40:12,308.2
2026/5/1,18:41:42,317.7
2026/5/1,18:43:01,328.1
2026/5/1,18:44:20,338.3
2026/5/1,21:21:39,98.7
2026/5/1,21:23:00,108.7
2026/5/1,21:24:18,118.5
2026/5/1,21:25:37,128.5
2026/5/1,21:26:56,138.4
2026/5/1,21:28:17,148.3
2026/5/1,21:29:41,158.1
2026/5/1,21:31:05,167.9
2026/5/1,21:32:29,178.5
2026/5/1,21:33:53,188.7
2026/5/1,21:35:17,198.3
2026/5/1,21:36:41,207.7
2026/5/1,21:38:02,217.9
2026/5/1,21:39:26,228.8
2026/5/1,21:40:50,238.1
2026/5/1,21:42:14,247.7
2026/5/1,21:43:37,258.7
2026/5/1,21:45:02,267.8
2026/5/1,21:46:26,277.6
2026/5/1,21:47:49,288.3
2026/5/1,21:49:14,297.3
2026/5/1,21:50:38,308.1
2026/5/1,21:52:01,317.8
2026/5/1,21:53:26,328.1
2026/5/1,21:54:49,338.0
2026/5/1,23:06:13,98.7
2026/5/1,23:07:37,108.7
2026/5/1,23:09:01,118.6
2026/5/1,23:10:25,128.5
2026/5/1,23:11:49,138.5
2026/5/1,23:13:12,148.3
2026/5/1,23:14:37,158.1
2026/5/1,23:16:01,167.9
2026/5/1,23:17:24,178.5
2026/5/1,23:18:48,188.7
2026/5/1,23:20:13,198.2
2026/5/1,23:21:37,207.6
2026/5/1,23:22:58,217.9
2026/5/1,23:24:22,228.8
2026/5/1,23:25:46,238.1
2026/5/1,23:27:10,247.6
2026/5/1,23:28:34,258.7
2026/5/1,23:29:57,267.8
2026/5/1,23:31:21,277.6
2026/5/1,23:32:45,288.2
2026/5/1,23:34:09,297.3
2026/5/1,23:35:33,308.2
2026/5/1,23:36:57,317.7
2026/5/1,23:38:21,328.0
2026/5/1,23:39:45,338.4
2026/5/2,00:51:04,98.7
2026/5/2,00:52:28,108.6
2026/5/2,00:53:53,118.6
2026/5/2,00:55:16,128.6
2026/5/2,00:56:40,138.5
2026/5/2,00:58:04,148.3
2026/5/2,00:59:29,158.1
2026/5/2,01:00:53,167.9
2026/5/2,01:02:17,178.4
2026/5/2,01:03:41,188.8
2026/5/2,01:05:05,198.1
2026/5/2,01:06:30,207.7
2026/5/2,01:07:50,217.9
2026/5/2,01:09:14,228.8
2026/5/2,01:10:38,238.1
2026/5/2,01:12:02,247.7
2026/5/2,01:13:26,258.7
2026/5/2,01:14:50,267.8
2026/5/2,01:16:14,277.6
2026/5/2,01:17:38,288.3
2026/5/2,01:19:02,297.3
2026/5/2,01:20:26,308.2
2026/5/2,01:21:50,317.8
2026/5/2,01:23:14,328.1
2026/5/2,01:24:37,338.0
2026/5/2,02:16:28,98.7
2026/5/2,02:17:08,108.6
2026/5/2,02:18:39,118.5
2026/5/2,02:19:57,128.5
2026/5/2,02:21:16,138.5
2026/5/2,02:22:34,148.3
2026/5/2,02:23:54,158.1
2026/5/2,02:25:22,167.9
2026/5/2,02:26:45,178.4
2026/5/2,02:28:10,188.7
2026/5/2,02:29:33,198.3
2026/5/2,02:30:30,207.7
2026/5/2,02:31:48,217.9
2026/5/2,02:33:06,228.8
2026/5/2,02:34:27,238.1
2026/5/2,02:35:46,247.7
2026/5/2,02:37:05,258.7
2026/5/2,02:38:24,267.8
2026/5/2,02:39:45,277.6
2026/5/2,02:41:11,288.4
2026/5/2,02:42:37,297.3
2026/5/2,02:44:03,308.2
2026/5/2,02:45:30,317.7
2026/5/2,02:46:49,328.1
2026/5/2,02:48:08,338.4
2026/5/2,03:06:56,228.6
2026/5/2,03:07:15,238.1
2026/5/2,03:10:32,247.7
2026/5/2,03:11:23,258.7
2026/5/2,08:12:58,267.9
2026/5/2,08:13:17,277.6
2026/5/2,08:17:41,288.3
2026/5/2,08:18:50,297.3
2026/5/2,09:27:20,98.7
2026/5/2,09:28:44,108.6
2026/5/2,09:30:08,118.5
2026/5/2,09:31:32,128.5
2026/5/2,09:32:56,138.5
2026/5/2,09:34:20,148.3
2026/5/2,09:35:44,158.1
2026/5/2,09:37:08,167.9
2026/5/2,09:38:32,178.5
2026/5/2,09:39:55,188.8
2026/5/2,09:41:19,198.2
2026/5/2,09:42:44,207.7
2026/5/2,09:44:05,217.9
2026/5/2,09:45:28,228.8
2026/5/2,09:46:52,238.0
2026/5/2,09:48:16,247.7
2026/5/2,09:49:40,258.7
2026/5/2,09:51:04,267.8
2026/5/2,09:52:28,277.5
2026/5/2,09:53:52,288.4
2026/5/2,09:55:16,297.3
2026/5/2,09:56:40,308.2
2026/5/2,09:58:04,317.7
2026/5/2,09:59:28,328.0
2026/5/2,10:00:52,338.2
2026/5/2,11:12:12,98.7
2026/5/2,11:13:36,108.7
2026/5/2,11:15:00,118.5
2026/5/2,11:16:24,128.5
2026/5/2,11:17:48,138.5
2026/5/2,11:19:12,148.3
2026/5/2,11:20:36,158.1
2026/5/2,11:22:00,167.9
2026/5/2,11:23:24,178.5
2026/5/2,11:24:48,188.7
2026/5/2,11:26:12,198.2
2026/5/2,11:27:36,207.7
2026/5/2,11:28:57,217.9
2026/5/2,11:30:21,228.8
2026/5/2,11:31:45,238.1
2026/5/2,11:33:09,247.7
2026/5/2,11:34:33,258.7
2026/5/2,11:36:01,267.8
2026/5/2,11:37:20,277.6
2026/5/2,11:38:44,288.3
2026/5/2,11:40:08,297.2
2026/5/2,11:41:32,308.2
2026/5/2,11:42:56,317.7
2026/5/2,11:44:20,328.1
2026/5/2,11:45:44,338.1
2026/5/2,16:09:43,98.6
2026/5/2,16:11:04,108.7
2026/5/2,16:12:22,118.6
2026/5/2,16:13:57,128.5
2026/5/2,16:15:01,138.5
2026/5/2,16:16:25,148.3
2026/5/2,16:17:49,158.1
2026/5/2,16:19:13,167.9
2026/5/2,16:20:38,178.4
2026/5/2,16:22:02,188.7
2026/5/2,16:23:26,198.4
2026/5/2,16:24:50,207.6
2026/5/2,16:26:11,217.9
2026/5/2,16:27:35,228.8
2026/5/2,16:28:59,238.1
2026/5/2,16:30:23,247.6
2026/5/2,16:31:47,258.7
2026/5/2,16:33:11,267.8
2026/5/2,16:34:35,277.6
2026/5/2,16:35:59,288.3
2026/5/2,16:37:23,297.3
2026/5/2,16:38:47,308.2
2026/5/2,16:40:11,317.8
2026/5/2,16:41:35,328.0
2026/5/2,16:42:59,338.3
2026/5/2,17:40:42,98.7
2026/5/2,17:41:40,108.7
2026/5/2,17:43:11,118.5
2026/5/2,17:44:29,128.5
2026/5/2,17:45:48,138.5
2026/5/2,17:47:08,148.3
2026/5/2,17:48:28,158.1
2026/5/2,17:49:55,168.0
2026/5/2,17:51:19,178.4
2026/5/2,17:52:43,188.7
2026/5/2,17:54:07,198.3
2026/5/2,17:55:28,207.7
2026/5/2,17:56:52,217.9
2026/5/2,17:57:52,228.7
2026/5/2,17:59:12,238.1
2026/5/2,18:00:31,247.7
2026/5/2,18:01:51,258.7
2026/5/2,18:03:12,267.8
2026/5/2,18:04:34,277.6
2026/5/2,18:06:00,288.3
2026/5/2,18:07:27,297.3
2026/5/2,18:08:53,308.2
2026/5/2,18:10:20,317.7
2026/5/2,18:11:40,328.0
2026/5/2,18:13:00,338.4
2026/5/2,19:03:42,98.7
2026/5/2,19:05:02,108.7
2026/5/2,19:06:20,118.6
2026/5/2,19:07:39,128.5
2026/5/2,19:09:01,138.5
2026/5/2,19:10:25,148.3
2026/5/2,19:11:48,158.1
2026/5/2,19:13:12,167.9
2026/5/2,19:14:37,178.4
2026/5/2,19:16:01,188.7
2026/5/2,19:17:25,198.3
2026/5/2,19:18:49,207.7
2026/5/2,19:20:10,217.9
2026/5/2,19:21:34,228.8
2026/5/2,19:22:57,238.1
2026/5/2,19:24:21,247.7
2026/5/2,19:25:45,258.7
2026/5/2,19:27:12,267.9
2026/5/2,19:28:33,277.6
2026/5/2,19:29:57,288.3
2026/5/2,19:31:21,297.3
2026/5/2,19:32:45,308.2
2026/5/2,19:34:09,317.8
2026/5/2,19:35:32,328.1
2026/5/2,19:36:57,338.0
2026/5/2,22:39:45,98.7
2026/5/2,22:41:06,108.7
2026/5/2,22:42:25,118.5
2026/5/2,22:43:44,128.5
2026/5/2,22:45:03,138.5
2026/5/2,22:46:26,148.3
2026/5/2,22:47:50,158.1
2026/5/2,22:49:13,167.9
2026/5/2,22:50:38,178.4
2026/5/2,22:52:02,188.7
2026/5/2,22:53:26,198.3
2026/5/2,22:54:50,207.6
2026/5/2,22:56:11,217.9
2026/5/2,22:57:35,228.8
2026/5/2,22:58:59,238.1
2026/5/2,23:00:23,247.7
2026/5/2,23:01:46,258.7
2026/5/2,23:03:12,267.8
2026/5/2,23:04:34,277.6
2026/5/2,23:05:58,288.3
2026/5/2,23:07:22,297.3
2026/5/2,23:08:46,308.2
2026/5/2,23:10:10,317.8
2026/5/2,23:11:34,328.0
2026/5/2,23:12:58,338.3
2026/5/3,00:24:19,98.7
2026/5/3,00:25:43,108.7
2026/5/3,00:27:07,118.6
2026/5/3,00:28:31,128.5
2026/5/3,00:29:55,138.5
2026/5/3,00:31:19,148.3
2026/5/3,00:32:43,158.1
2026/5/3,00:34:07,167.9
2026/5/3,00:35:31,178.5
2026/5/3,00:36:55,188.7
2026/5/3,00:38:19,198.2
2026/5/3,00:39:43,207.6
2026/5/3,00:41:04,217.9
2026/5/3,00:42:27,228.8
2026/5/3,00:43:52,238.1
2026/5/3,00:45:15,247.6
2026/5/3,00:46:39,258.7
2026/5/3,00:48:03,267.9
2026/5/3,00:49:27,277.6
2026/5/3,00:50:52,288.3
2026/5/3,00:52:15,297.3
2026/5/3,02:03:37,98.6
2026/5/3,02:05:01,108.6
2026/5/3,02:06:25,118.5
2026/5/3,02:07:49,128.5
2026/5/3,02:09:13,138.5
2026/5/3,02:10:37,148.3
2026/5/3,02:12:01,158.1
2026/5/3,02:13:24,167.9
2026/5/3,02:14:48,178.4
2026/5/3,02:16:13,188.7
2026/5/3,02:17:37,198.2
2026/5/3,02:19:01,207.6
2026/5/3,02:20:22,217.9
2026/5/3,02:21:46,228.8
2026/5/3,02:23:10,238.0
2026/5/3,02:24:34,247.7
2026/5/3,02:25:58,258.7
2026/5/3,02:27:21,267.8
2026/5/3,02:28:45,277.6
2026/5/3,02:30:09,288.4
2026/5/3,02:31:33,297.3
2026/5/3,02:32:57,308.2
2026/5/3,02:34:21,317.7
2026/5/3,02:35:45,328.1
2026/5/3,02:37:09,338.4
2026/5/3,05:50:42,98.7
2026/5/3,05:52:06,108.7
2026/5/3,05:53:30,118.5
2026/5/3,05:55:14,128.6
2026/5/3,05:56:18,138.5
2026/5/3,05:57:42,148.3
2026/5/3,05:59:06,158.1
2026/5/3,06:00:30,167.9
2026/5/3,06:01:54,178.4
2026/5/3,06:03:18,188.7
2026/5/3,06:04:42,198.2
2026/5/3,06:06:06,207.7
2026/5/3,06:07:29,217.9
2026/5/3,06:08:51,228.8
2026/5/3,06:10:16,238.1
2026/5/3,06:11:39,247.7
2026/5/3,06:13:03,258.7
2026/5/3,06:14:27,267.9
2026/5/3,06:15:51,277.6
2026/5/3,06:17:15,288.3
2026/5/3,06:18:39,297.3
2026/5/3,06:20:03,308.2
2026/5/3,06:21:27,317.7
2026/5/3,06:22:51,328.1
2026/5/3,06:24:15,338.0
2026/5/3,07:35:34,138.5
2026/5/3,07:36:58,148.3
2026/5/3,07:38:22,158.1
2026/5/3,07:39:46,167.9
2026/5/3,07:41:10,178.4
2026/5/3,07:42:34,188.7
2026/5/3,07:43:58,198.3
2026/5/3,07:45:22,207.7
2026/5/3,07:46:46,217.9
2026/5/3,07:48:10,228.7
2026/5/3,07:49:34,238.1
2026/5/3,07:50:58,247.6
2026/5/3,07:52:40,258.7
2026/5/3,07:53:43,267.9
2026/5/3,07:55:07,277.6
2026/5/3,07:56:31,288.3
2026/5/3,07:57:55,297.3
2026/5/3,07:59:20,308.2
2026/5/3,08:00:43,317.7
2026/5/3,08:02:07,328.0
2026/5/3,08:03:30,338.3
2026/5/3,09:09:14,98.7
2026/5/3,09:10:38,108.6
2026/5/3,09:12:02,138.5
2026/5/3,09:13:25,148.3
2026/5/3,09:14:50,178.4
2026/5/3,09:16:14,188.7
2026/5/3,09:17:38,217.9
2026/5/3,09:19:02,258.7
2026/5/3,09:20:26,297.3
2026/5/3,09:21:50,308.2
2026/5/3,09:23:14,338.0
2026/5/3,10:17:45,98.7
2026/5/3,10:19:05,108.6
2026/5/3,10:20:23,118.6
2026/5/3,10:21:43,128.5
2026/5/3,10:23:02,138.5
2026/5/3,10:24:22,148.3
2026/5/3,10:25:44,158.1
2026/5/3,10:27:08,167.9
2026/5/3,10:28:32,178.5
2026/5/3,10:29:56,188.7
2026/5/3,10:31:20,198.3
2026/5/3,10:32:44,207.7
2026/5/3,10:34:05,217.9
2026/5/3,10:35:29,228.8
2026/5/3,10:36:53,238.1
2026/5/3,10:38:17,247.7
2026/5/3,10:39:41,258.7
2026/5/3,10:41:08,267.8
2026/5/3,10:42:28,277.6
2026/5/3,10:43:52,288.3
2026/5/3,10:45:16,297.3
2026/5/3,10:46:40,308.2
2026/5/3,10:48:04,317.7
2026/5/3,10:49:28,328.1
2026/5/3,10:50:52,338.4
2026/5/3,16:30:21,108.6
2026/5/3,16:30:39,118.5
2026/5/3,16:31:45,128.5
2026/5/3,16:32:17,138.5
2026/5/3,17:15:25,98.6
2026/5/3,17:16:18,108.6
2026/5/3,17:17:46,118.5
2026/5/3,17:19:03,128.5
2026/5/3,17:20:32,138.5
2026/5/3,17:21:57,148.3
2026/5/3,17:23:27,158.1
2026/5/3,17:24:46,167.9
2026/5/3,17:26:05,178.4
2026/5/3,17:27:23,188.7
2026/5/3,17:28:45,198.3
2026/5/3,17:30:04,207.7
2026/5/3,17:31:24,217.9
2026/5/3,17:32:41,228.7
2026/5/3,17:34:02,238.0
2026/5/3,17:35:29,247.7
2026/5/3,17:36:48,258.7
2026/5/3,17:38:06,267.8
2026/5/3,17:39:27,277.6
2026/5/3,17:40:46,288.3
2026/5/3,17:42:05,297.3
2026/5/3,17:43:23,308.2
2026/5/3,17:44:45,317.8
2026/5/3,17:46:04,328.0
2026/5/3,17:47:31,338.3
2026/5/5,02:06:32,98.7
2026/5/5,02:08:52,108.6
2026/5/5,02:10:38,118.5
2026/5/5,02:12:04,128.5
2026/5/5,02:14:11,138.5
2026/5/5,02:15:30,148.3
2026/5/5,02:17:01,158.1
2026/5/5,02:19:07,167.9
2026/5/5,02:20:50,178.4
2026/5/5,02:21:43,188.8
2026/5/5,03:13:33,98.7
2026/5/5,03:15:46,108.6
2026/5/5,03:17:17,118.5
2026/5/5,03:18:42,128.5
2026/5/5,03:20:43,138.5
2026/5/5,03:22:25,148.3
2026/5/5,03:23:19,158.1
2026/5/5,03:25:38,167.9
2026/5/5,03:27:21,178.4
2026/5/5,03:28:44,188.7
2026/5/5,03:30:58,198.4
2026/5/5,03:32:16,207.6
2026/5/5,03:33:41,217.9
2026/5/5,03:35:53,228.8
2026/5/5,03:37:35,238.0
2026/5/5,03:38:32,247.7
2026/5/5,03:40:50,258.7
2026/5/5,03:42:10,267.8
2026/5/5,03:43:27,277.6
2026/5/5,03:45:46,288.2
2026/5/5,03:47:06,297.3
2026/5/5,03:48:23,308.2
2026/5/5,03:50:41,317.7
2026/5/5,03:52:23,328.1
2026/5/5,03:53:48,338.0
2026/5/5,04:43:53,98.7
2026/5/5,04:46:05,108.7
2026/5/5,04:47:24,118.5
2026/5/5,04:48:51,128.5
2026/5/5,04:51:01,138.5
2026/5/5,04:52:43,148.3
2026/5/5,04:53:37,158.1
2026/5/5,04:55:57,168.0
2026/5/5,04:57:39,178.4
2026/5/5,04:58:33,188.8
2026/5/5,05:00:51,198.4
2026/5/5,05:02:11,207.7
2026/5/5,05:03:28,217.9
2026/5/5,05:05:47,228.8
2026/5/5,05:07:29,238.0
2026/5/5,05:08:54,247.7
2026/5/5,05:11:08,258.7
2026/5/5,05:12:27,267.8
2026/5/5,05:13:52,277.6
2026/5/5,05:16:03,288.3
2026/5/5,05:17:24,297.2
2026/5/5,05:18:40,308.1
2026/5/5,05:20:59,317.7
2026/5/5,05:22:20,328.0
2026/5/5,05:23:36,338.4
2026/5/5,06:12:44,98.7
2026/5/5,06:13:39,108.6
2026/5/5,06:15:59,118.5
2026/5/5,06:17:41,128.5
2026/5/5,06:18:37,138.4
2026/5/5,06:20:55,148.3
2026/5/5,06:22:38,158.1
2026/5/5,06:24:03,167.9
2026/5/5,06:26:14,178.4
2026/5/5,06:27:42,188.7
2026/5/5,06:28:58,198.4
2026/5/5,06:31:09,207.7
2026/5/5,06:32:50,217.9
2026/5/5,06:33:48,228.6
2026/5/5,06:36:05,238.0
2026/5/5,06:37:47,247.6
2026/5/5,06:38:45,258.7
2026/5/5,06:41:02,267.8
2026/5/5,06:42:44,277.6
2026/5/5,06:43:42,288.2
2026/5/5,06:45:59,297.3
2026/5/5,06:47:40,308.2
2026/5/5,06:49:06,317.7
2026/5/5,06:51:21,328.1
2026/5/5,06:52:40,338.2
2026/5/5,07:51:59,188.8
2026/5/5,07:52:17,198.3
2026/5/5,07:53:06,207.7
2026/5/5,07:54:00,217.8
2026/5/5,10:29:02,98.7
2026/5/5,10:30:45,108.6
2026/5/5,10:31:38,118.5
2026/5/5,10:33:58,128.5
2026/5/5,10:35:40,138.5
2026/5/5,10:37:06,148.3
2026/5/5,10:39:14,158.1
2026/5/5,10:40:32,167.9
2026/5/5,10:42:04,178.4
2026/5/5,10:44:07,188.8
2026/5/5,10:45:27,198.2
2026/5/5,10:46:44,207.7
2026/5/5,10:49:04,217.9
2026/5/5,10:50:24,228.7
2026/5/5,10:51:41,238.1
2026/5/5,10:53:59,247.6
2026/5/5,10:55:19,258.7
2026/5/5,10:56:36,267.8
2026/5/5,10:58:55,277.6
2026/5/5,11:00:36,288.3
2026/5/5,11:02:02,297.3
2026/5/5,11:04:15,308.2
2026/5/5,11:05:34,317.7
2026/5/5,11:06:59,328.0
2026/5/5,11:09:11,338.3
2026/5/5,12:34:16,98.7
2026/5/5,12:35:59,108.6
2026/5/5,12:36:54,118.6
2026/5/5,12:39:13,128.5
2026/5/5,12:40:56,138.5
2026/5/5,12:42:21,148.3
2026/5/5,12:44:33,158.1
2026/5/5,12:45:51,167.9
2026/5/5,12:47:19,178.4
2026/5/5,12:49:28,188.7
2026/5/5,12:51:09,198.1
2026/5/5,12:52:04,207.7
2026/5/5,12:54:22,217.8
2026/5/5,12:55:42,228.7
2026/5/5,12:56:59,238.0
2026/5/5,12:59:17,247.6
2026/5/5,13:00:38,258.7
2026/5/5,13:01:55,267.9
2026/5/5,13:04:14,277.6
2026/5/5,13:05:56,288.3
2026/5/5,13:07:21,297.3
2026/5/5,13:09:32,308.2
2026/5/5,13:10:51,317.7
2026/5/5,13:12:18,328.1
2026/5/5,13:14:28,338.0
2026/5/5,14:39:25,98.7
2026/5/5,14:41:08,108.7
2026/5/5,14:42:02,118.6
2026/5/5,14:44:21,128.5
2026/5/5,14:46:04,138.5
2026/5/5,14:47:29,148.3
2026/5/5,14:49:40,158.1
2026/5/5,14:50:59,167.9
2026/5/5,14:52:26,178.4
2026/5/5,14:54:36,188.7
2026/5/5,14:56:16,198.1
2026/5/5,14:57:13,207.7
2026/5/5,14:59:30,217.9
2026/5/5,15:00:50,228.7
2026/5/5,15:02:07,238.0
2026/5/5,15:04:26,247.7
2026/5/5,15:05:46,258.7
2026/5/5,15:07:03,267.8
2026/5/5,15:09:21,277.6
2026/5/5,15:11:04,288.3
2026/5/5,15:12:29,297.3
2026/5/5,15:14:41,308.2
2026/5/5,15:15:59,317.7
2026/5/5,15:17:25,328.0
2026/5/5,15:19:36,338.1
2026/5/5,16:44:33,98.7
2026/5/5,16:46:16,108.6
2026/5/5,16:47:09,118.5
2026/5/5,16:49:29,128.5
2026/5/5,16:51:12,138.5
2026/5/5,16:52:37,148.3
2026/5/5,16:54:46,158.1
2026/5/5,16:56:05,167.9
2026/5/5,16:57:34,178.4
2026/5/5,16:59:40,188.7
2026/5/5,17:01:00,198.2
2026/5/5,17:02:18,207.7
2026/5/5,17:04:36,217.9
2026/5/5,17:05:56,228.7
2026/5/5,17:07:13,238.0
2026/5/5,17:09:32,247.7
2026/5/5,17:10:52,258.7
2026/5/5,17:12:09,267.8
2026/5/5,17:14:28,277.6
2026/5/5,17:16:09,288.3
2026/5/5,17:17:35,297.3
2026/5/5,17:19:50,308.1
2026/5/5,17:21:09,317.7
2026/5/5,17:22:34,328.0
2026/5/5,17:24:46,338.4
2026/5/5,18:07:46,98.6
2026/5/5,18:09:56,108.6
2026/5/5,18:11:15,118.6
2026/5/5,18:13:05,128.5
2026/5/5,18:14:52,138.4
2026/5/5,18:16:34,148.3
2026/5/5,18:17:29,158.1
2026/5/5,18:19:48,167.9
2026/5/5,18:21:31,178.4
2026/5/5,18:22:25,188.7
2026/5/5,18:24:43,198.4
2026/5/5,18:26:02,207.6
2026/5/5,18:27:19,217.9
2026/5/5,18:29:37,228.8
2026/5/5,18:31:20,238.0
2026/5/5,18:32:45,247.7
2026/5/5,18:34:55,258.7
2026/5/5,18:36:14,267.8
2026/5/5,18:37:41,277.6
2026/5/5,18:39:51,288.3
2026/5/5,18:41:12,297.3
2026/5/5,18:42:28,308.1
2026/5/5,18:44:47,317.7
2026/5/5,18:46:07,328.1
2026/5/5,18:47:24,338.1
2026/5/5,20:12:49,98.6
2026/5/5,20:15:00,108.6
2026/5/5,20:16:19,118.5
2026/5/5,20:17:47,128.5
2026/5/5,20:19:56,138.5
2026/5/5,20:21:38,148.3
2026/5/5,20:22:32,158.1
2026/5/5,20:24:51,167.9
2026/5/5,20:26:09,178.4
2026/5/5,20:27:28,188.7
2026/5/5,20:29:47,198.1
2026/5/5,20:31:05,207.7
2026/5/5,20:32:23,217.9
2026/5/5,20:34:41,228.8
2026/5/5,20:36:23,238.1
2026/5/5,20:37:49,247.7
2026/5/5,20:40:04,258.7
2026/5/5,20:41:23,267.9
2026/5/5,20:42:46,277.6
2026/5/5,20:45:00,288.3
2026/5/5,20:46:20,297.2
2026/5/5,20:47:37,308.1
2026/5/5,20:49:55,317.7
2026/5/5,20:51:16,328.0
2026/5/5,20:52:33,338.4
2026/5/5,22:17:59,98.7
2026/5/5,22:20:07,108.7
2026/5/5,22:21:26,118.5
2026/5/5,22:22:56,128.5
2026/5/5,22:25:02,138.5
2026/5/5,22:26:21,148.3
2026/5/5,22:27:40,158.1
2026/5/5,22:29:58,167.9
2026/5/5,22:31:17,178.5
2026/5/5,22:32:36,188.7
2026/5/5,22:34:54,198.4
2026/5/5,22:36:35,207.7
2026/5/5,22:37:32,217.8
2026/5/5,22:39:50,228.8
2026/5/5,22:41:32,238.1
2026/5/5,22:42:57,247.7
2026/5/5,22:45:07,258.7
2026/5/5,22:46:26,267.9
2026/5/5,22:47:54,277.6
2026/5/5,22:50:03,288.3
2026/5/5,22:51:44,297.3
2026/5/5,22:52:42,308.2
2026/5/5,22:54:59,317.7
2026/5/5,22:56:19,328.0
2026/5/5,22:57:36,338.0
2026/5/6,00:23:07,98.7
2026/5/6,00:25:16,108.6
2026/5/6,00:26:35,118.5
2026/5/6,00:28:04,128.5
2026/5/6,00:30:12,138.5
2026/5/6,00:31:54,148.3
2026/5/6,00:32:48,158.1
2026/5/6,00:35:08,167.9
2026/5/6,00:36:50,178.5
2026/5/6,00:37:45,188.7
2026/5/6,00:40:02,198.5
2026/5/6,00:41:22,207.7
2026/5/6,00:42:39,217.9
2026/5/6,00:44:58,228.8
2026/5/6,00:46:39,238.0
2026/5/6,00:48:05,247.7
2026/5/6,00:50:16,258.7
2026/5/6,00:51:35,267.9
2026/5/6,00:53:03,277.6
2026/5/6,00:55:12,288.3
2026/5/6,00:56:54,297.3
2026/5/6,00:57:51,308.2
2026/5/6,01:00:09,317.7
2026/5/6,01:01:50,328.1
2026/5/6,01:02:48,338.1
2026/5/6,02:15:33,98.6
2026/5/6,02:17:15,108.6
2026/5/6,02:18:13,118.6
2026/5/6,02:20:33,128.5
2026/5/6,02:22:13,138.5
2026/5/6,02:23:09,148.3
2026/5/6,02:25:28,158.1
2026/5/6,02:27:12,167.9
2026/5/6,02:28:37,178.4
2026/5/6,02:30:50,188.7
2026/5/6,02:32:08,198.1
2026/5/6,04:01:15,98.7
2026/5/6,04:02:41,108.6
2026/5/6,04:04:55,118.5
2026/5/6,04:06:26,128.5
2026/5/6,04:07:51,138.5
2026/5/6,04:09:54,148.3
2026/5/6,04:11:36,158.1
2026/5/6,04:13:01,167.9
2026/5/6,04:15:19,188.7
2026/5/6,04:16:38,198.4
2026/5/6,04:18:01,207.6
2026/5/6,04:20:16,217.9
2026/5/6,04:21:56,228.8
2026/5/6,04:22:57,258.7
2026/5/6,04:25:14,277.6
2026/5/6,04:26:55,288.3
2026/5/6,04:27:55,297.3
2026/5/6,04:30:13,308.2
2026/5/6,04:31:53,317.7
2026/5/6,04:32:54,328.0
2026/5/6,04:35:11,338.3
2026/5/6,05:11:30,98.7
2026/5/6,05:14:35,108.6
2026/5/6,05:15:54,118.5
2026/5/6,05:19:13,128.5
2026/5/6,05:20:32,138.5
2026/5/6,05:23:29,148.3
2026/5/6,05:25:06,158.1
2026/5/6,05:27:44,167.9
2026/5/6,05:29:11,178.5
2026/5/6,05:32:14,188.7
2026/5/6,05:33:33,198.3
2026/5/6,05:36:30,207.7
2026/5/6,05:37:50,217.9
2026/5/6,05:40:46,228.8
2026/5/6,05:42:06,238.1
2026/5/6,05:45:02,247.6
2026/5/6,05:46:22,258.7
2026/5/6,05:49:18,267.8
2026/5/6,05:50:46,277.6
2026/5/6,05:53:49,288.3
2026/5/6,05:55:23,297.3
2026/5/6,05:58:05,308.2
2026/5/6,05:59:25,317.7
2026/5/6,06:02:21,328.1
2026/5/6,06:03:41,338.1
2026/5/6,07:12:51,98.7
2026/5/6,07:14:09,108.6
2026/5/6,07:17:07,118.5
2026/5/6,07:18:31,128.6
2026/5/6,09:24:19,98.7
2026/5/6,09:25:38,108.6
2026/5/6,09:29:10,118.5
2026/5/6,09:30:51,128.5
2026/5/6,09:33:58,138.5
2026/5/6,09:35:16,148.3
2026/5/6,09:38:44,158.1
2026/5/6,09:40:03,167.9
2026/5/6,09:43:28,178.5
2026/5/6,09:45:13,188.7
2026/5/6,09:48:29,198.3
2026/5/6,09:49:48,207.7
2026/5/6,09:53:15,217.9
2026/5/6,09:54:36,228.7
2026/5/6,09:58:02,238.0
2026/5/6,09:59:22,247.7
2026/5/6,10:02:47,258.7
2026/5/6,10:04:08,267.9
2026/5/6,10:07:32,277.6
2026/5/6,10:09:19,288.3
2026/5/6,10:12:31,297.3
2026/5/6,10:13:51,308.2
2026/5/6,10:17:18,317.7
2026/5/6,10:18:39,328.0
2026/5/6,10:22:02,338.3
2026/5/6,12:23:53,98.7
2026/5/6,12:25:31,108.7
2026/5/6,12:28:46,118.5
2026/5/6,12:30:24,128.5
2026/5/6,12:33:43,138.5
2026/5/6,12:35:17,148.3
2026/5/6,12:39:01,158.1
2026/5/6,12:40:13,167.9
2026/5/6,12:43:50,178.5
2026/5/6,12:45:25,188.7
2026/5/6,12:48:47,198.2
2026/5/6,12:50:20,207.7
2026/5/6,12:53:44,217.7
2026/5/6,12:55:17,228.9
2026/5/6,12:58:41,238.1
2026/5/6,13:00:15,247.7
2026/5/6,13:03:54,258.7
2026/5/6,13:05:13,267.8
2026/5/6,13:08:51,277.6
2026/5/6,13:10:24,288.3
2026/5/6,13:13:46,297.3
2026/5/6,13:15:22,308.2
2026/5/6,13:18:43,317.8
2026/5/6,13:20:15,328.0
2026/5/6,13:23:39,338.3
2026/5/6,13:45:01,258.7
2026/5/6,13:45:19,267.9
2026/5/6,13:48:36,277.6
2026/5/6,13:49:26,288.3
2026/5/6,15:26:23,98.7
2026/5/6,15:27:42,108.6
2026/5/6,15:31:18,118.5
2026/5/6,15:32:55,128.5
2026/5/6,15:36:07,138.5
2026/5/6,15:37:50,148.3
2026/5/6,15:40:56,158.1
2026/5/6,15:42:36,167.9
2026/5/6,15:45:43,178.5
2026/5/6,15:47:26,188.7
2026/5/6,15:50:46,198.1
2026/5/6,15:52:05,207.5
2026/5/6,15:55:33,217.9
2026/5/6,15:56:54,228.7
2026/5/6,16:00:23,238.0
2026/5/6,16:02:04,247.7
2026/5/6,16:05:10,258.7
2026/5/6,16:06:31,267.9
2026/5/6,16:09:58,277.6
2026/5/6,16:11:41,288.3
2026/5/6,16:15:00,297.3
2026/5/6,16:16:19,308.2
2026/5/6,16:19:49,317.7
2026/5/6,16:21:10,328.0
2026/5/6,16:24:38,338.4
2026/5/6,19:56:11,98.7
2026/5/6,19:59:42,108.6
2026/5/6,20:01:25,118.5
2026/5/6,20:04:35,128.5
2026/5/6,20:06:14,138.5
2026/5/6,20:09:47,148.3
2026/5/6,20:11:06,158.1
2026/5/6,20:14:40,167.9
2026/5/6,20:16:15,178.5
2026/5/6,20:19:35,188.7
2026/5/6,20:21:11,198.4
2026/5/6,20:24:29,207.7
2026/5/6,20:26:05,217.9
2026/5/6,20:29:21,228.8
2026/5/6,20:31:00,238.0
2026/5/6,20:34:32,247.7
2026/5/6,20:35:51,258.7
2026/5/6,20:39:26,267.8
2026/5/6,20:41:02,277.6
2026/5/6,20:44:21,288.3
2026/5/6,20:45:56,297.3
2026/5/6,20:49:13,308.2
2026/5/6,20:50:51,317.7
2026/5/6,20:54:09,328.1
2026/5/6,20:55:43,338.3
2026/5/6,21:59:31,98.7
2026/5/6,22:01:45,108.6
2026/5/6,22:03:15,118.6
2026/5/6,22:04:41,128.5
2026/5/6,22:06:55,138.5
2026/5/6,22:08:24,148.3
2026/5/6,22:09:49,158.1
2026/5/6,22:12:05,168.0
2026/5/6,22:13:34,178.4
2026/5/6,22:14:57,188.7
2026/5/6,22:17:40,198.3
2026/5/6,22:18:59,207.5
2026/5/6,22:20:17,217.9
2026/5/6,22:22:49,228.8
2026/5/6,22:24:17,238.0
2026/5/6,22:25:42,247.7
2026/5/6,22:27:59,258.7
2026/5/6,22:29:27,267.9
2026/5/6,22:30:52,277.6
2026/5/6,22:33:09,288.3
2026/5/6,22:34:36,297.3
2026/5/6,22:36:01,308.2
2026/5/6,22:38:20,317.7
2026/5/6,22:39:46,328.1
2026/5/6,22:41:12,338.3
2026/5/7,00:10:30,98.7
2026/5/7,00:12:39,108.7
2026/5/7,00:14:11,118.5
2026/5/7,00:15:37,128.5
2026/5/7,00:17:36,138.5
2026/5/7,00:19:18,148.3
2026/5/7,00:20:12,158.1
2026/5/7,00:22:32,167.9
2026/5/7,00:24:15,178.4
2026/5/7,00:25:37,188.7
2026/5/7,00:27:49,198.2
2026/5/7,00:29:08,207.5
2026/5/7,00:30:34,217.9
2026/5/7,00:32:45,228.8
2026/5/7,00:34:26,238.1
2026/5/7,00:35:23,247.7
2026/5/7,00:37:41,258.7
2026/5/7,00:39:01,267.9
2026/5/7,00:40:18,277.6
2026/5/7,00:42:37,288.3
2026/5/7,00:43:57,297.3
2026/5/7,00:45:14,308.2
2026/5/7,00:47:33,317.7
2026/5/7,00:49:15,328.0
2026/5/7,00:50:40,338.0
2026/5/7,01:15:27,277.6
2026/5/7,01:17:55,288.3
2026/5/7,01:19:14,297.3
2026/5/7,01:20:48,308.2
2026/5/7,02:19:38,277.6
2026/5/7,02:19:57,288.3
2026/5/7,02:20:20,297.2
2026/5/7,02:22:00,308.2
2026/5/7,03:55:48,108.6
2026/5/7,05:21:53,98.7
2026/5/7,05:23:36,108.6
2026/5/7,05:24:30,118.5
2026/5/7,05:26:50,128.5
2026/5/7,05:28:32,138.5
2026/5/7,05:29:26,148.3
2026/5/7,05:31:58,158.1
2026/5/7,05:33:28,167.9
2026/5/7,05:34:54,178.4
2026/5/7,05:37:15,188.7
2026/5/7,05:38:42,198.4
2026/5/7,05:40:07,207.4
2026/5/7,05:42:37,217.9
2026/5/7,05:43:56,228.8
2026/5/7,05:45:19,238.1
2026/5/7,05:47:44,247.7
2026/5/7,05:49:15,258.7
2026/5/7,05:50:40,267.8
2026/5/7,05:52:53,277.6
2026/5/7,05:54:22,288.3
2026/5/7,05:55:48,297.3
2026/5/7,05:58:03,308.1
2026/5/7,05:59:31,317.7
2026/5/7,06:00:57,328.0
2026/5/7,06:03:20,338.0
2026/5/7,07:28:47,98.6
2026/5/7,07:30:30,108.6
2026/5/7,07:31:24,118.5
2026/5/7,07:33:43,128.6
2026/5/7,07:35:26,138.5
2026/5/7,07:36:20,148.3
2026/5/7,07:38:39,158.1
2026/5/7,07:40:22,167.9
2026/5/7,07:41:16,178.4
2026/5/7,07:43:41,188.7
2026/5/7,07:45:15,198.3
2026/5/7,07:46:41,207.5
2026/5/7,07:48:51,217.9
2026/5/7,07:50:11,228.8
2026/5/7,07:51:44,238.0
2026/5/7,07:53:48,247.7
2026/5/7,07:55:07,258.7
2026/5/7,07:56:25,267.8
2026/5/7,07:58:42,277.6
2026/5/7,08:00:02,288.3
2026/5/7,08:01:20,297.3
2026/5/7,08:03:38,308.2
2026/5/7,08:04:59,317.7
2026/5/7,08:06:16,328.0
2026/5/7,08:08:41,338.3
2026/5/7,09:33:47,98.7
2026/5/7,09:35:30,108.6
2026/5/7,09:36:24,118.5
2026/5/7,09:38:43,128.5
2026/5/7,09:40:26,138.5
2026/5/7,09:41:20,148.3
2026/5/7,09:43:40,158.1
2026/5/7,09:45:22,168.0
2026/5/7,09:46:16,178.4
2026/5/7,09:48:42,188.7
2026/5/7,09:50:16,198.5
2026/5/7,09:51:41,207.7
2026/5/7,09:53:49,217.9
2026/5/7,09:55:08,228.7
2026/5/7,09:56:44,238.0
2026/5/7,09:58:45,247.6
2026/5/7,10:00:04,258.7
2026/5/7,10:01:22,267.8
2026/5/7,10:03:40,277.6
2026/5/7,10:05:00,288.3
2026/5/7,10:06:18,297.3
2026/5/7,10:08:36,308.2
2026/5/7,10:09:57,317.7
2026/5/7,10:11:14,328.1
2026/5/7,10:13:39,338.4
2026/5/7,11:39:11,98.7
2026/5/7,11:40:53,108.6
2026/5/7,11:41:47,118.5
2026/5/7,11:44:18,128.5
2026/5/7,11:45:50,138.5
2026/5/7,11:47:15,148.3
2026/5/7,11:49:29,158.1
2026/5/7,11:50:57,167.9
2026/5/7,11:52:23,178.4
2026/5/7,11:54:58,188.7
2026/5/7,11:56:12,198.2
2026/5/7,11:57:38,207.7
2026/5/7,12:00:10,217.9
2026/5/7,12:01:29,228.8
2026/5/7,12:02:50,238.0
2026/5/7,12:05:20,247.7
2026/5/7,12:06:47,258.6
2026/5/7,12:08:13,267.8
2026/5/7,12:10:29,277.6
2026/5/7,12:11:57,288.3
2026/5/7,12:13:23,297.3
2026/5/7,12:15:39,308.1
2026/5/7,12:17:07,317.7
2026/5/7,12:18:33,328.0
2026/5/7,12:20:59,338.4
2026/5/7,14:11:01,98.6
2026/5/7,14:11:52,108.6
2026/5/7,14:13:17,118.5
2026/5/7,14:15:31,128.5
2026/5/7,15:42:06,98.7
2026/5/7,15:43:37,108.6
2026/5/7,15:45:02,118.5
2026/5/7,15:47:16,128.5
2026/5/7,15:48:45,138.5
2026/5/7,15:50:10,148.3
2026/5/7,15:52:17,158.1
2026/5/7,15:53:55,167.9
2026/5/7,15:55:20,178.4
2026/5/7,15:57:26,188.7
2026/5/7,15:58:45,198.2
2026/5/7,16:00:20,207.8
2026/5/7,16:02:20,217.8
2026/5/7,16:03:40,228.7
2026/5/7,16:04:57,238.0
2026/5/7,16:07:15,247.6
2026/5/7,16:08:35,258.8
2026/5/7,16:09:52,267.8
2026/5/7,16:12:09,277.6
2026/5/7,16:13:29,288.3
2026/5/7,16:14:46,297.3
2026/5/7,16:17:13,308.2
2026/5/7,16:18:50,317.7
2026/5/7,16:20:16,328.1
2026/5/7,16:22:23,338.0
2026/5/8,02:47:25,98.7
2026/5/8,02:48:23,108.6
2026/5/8,02:49:55,118.5
2026/5/8,02:51:12,128.5
2026/5/11,02:09:21,98.7
2026/5/11,02:11:04,108.6
2026/5/11,02:11:58,118.5
2026/5/11,02:14:17,128.5
2026/5/11,02:16:00,138.5
2026/5/11,02:17:25,148.3
2026/5/11,02:19:39,158.0
2026/5/11,02:20:58,167.9
2026/5/11,02:22:24,178.4
2026/5/11,02:24:35,188.7
2026/5/11,02:26:15,198.4
2026/5/11,02:27:11,207.6
2026/5/11,02:29:28,217.9
2026/5/11,02:30:48,228.6
2026/5/11,02:32:06,238.0
2026/5/11,02:34:24,247.7
2026/5/11,02:35:45,258.7
2026/5/11,02:37:02,267.8
2026/5/11,02:39:20,277.6
2026/5/11,02:41:02,288.2
2026/5/11,02:42:27,297.2
2026/5/11,02:44:36,308.1
2026/5/11,02:45:55,317.7
2026/5/11,02:47:25,328.0
2026/5/11,02:49:32,338.0
2026/5/11,04:08:12,98.6
2026/5/11,04:10:31,108.6
2026/5/11,04:12:13,118.5
2026/5/11,04:13:10,128.5
2026/5/11,04:15:29,138.5
2026/5/11,04:17:12,148.3
2026/5/11,04:18:06,158.1
2026/5/11,04:20:25,167.9
2026/5/11,04:22:08,178.4
2026/5/11,04:24:12,188.7
2026/5/11,04:25:42,198.4
2026/5/11,04:27:02,207.7
2026/5/11,04:28:29,217.9
2026/5/11,04:30:39,228.7
2026/5/11,04:32:20,238.0
2026/5/11,04:33:19,247.7
2026/5/11,04:35:36,258.7
2026/5/11,04:37:18,267.8
2026/5/11,04:38:15,277.6
2026/5/11,04:40:33,288.3
2026/5/11,04:42:14,297.3
2026/5/11,04:43:12,308.2
2026/5/11,04:45:29,317.8
2026/5/11,04:47:11,328.1
2026/5/11,04:48:36,338.1
2026/5/11,05:14:24,308.2
2026/5/11,05:16:54,317.7
2026/5/11,05:18:12,328.0
2026/5/11,05:19:31,338.1
2026/5/11,05:37:02,217.9
2026/5/11,05:37:20,228.6
2026/5/11,05:40:42,238.0
2026/5/11,05:42:04,247.7
2026/5/11,06:03:33,98.7
2026/5/11,06:03:51,108.6
2026/5/11,06:07:16,118.5
2026/5/11,06:08:07,128.5
2026/5/11,07:38:35,98.7
2026/5/11,07:39:30,108.6
2026/5/11,07:41:48,118.5
2026/5/11,07:43:07,128.5
2026/5/11,07:44:26,138.5
2026/5/11,07:46:45,148.3
2026/5/11,07:48:27,158.1
2026/5/11,07:49:21,167.9
2026/5/11,07:51:41,178.4
2026/5/11,07:53:21,188.7
2026/5/11,07:54:47,198.1
2026/5/11,07:56:58,207.7
2026/5/11,07:58:17,217.9
2026/5/11,07:59:44,228.8
2026/5/11,08:01:54,238.0
2026/5/11,08:03:14,247.7
2026/5/11,08:04:31,258.7
2026/5/11,08:06:50,267.8
2026/5/11,08:08:10,277.6
2026/5/11,08:09:27,288.3
2026/5/11,08:11:46,297.3
2026/5/11,08:13:06,308.2
2026/5/11,08:14:23,317.7
2026/5/11,08:16:42,328.1
2026/5/11,08:18:24,338.2
2026/5/11,09:14:52,178.4
2026/5/11,09:17:04,188.6
2026/5/11,09:18:46,198.2
2026/5/11,09:19:42,207.7
2026/5/11,09:22:00,217.9
2026/5/11,09:23:43,228.7
2026/5/11,09:24:37,238.0
2026/5/11,09:26:57,247.8
2026/5/11,10:54:08,98.7
2026/5/11,10:55:27,108.6
2026/5/11,10:56:54,118.5
2026/5/11,10:59:04,128.5
2026/5/11,11:00:47,138.4
2026/5/11,11:01:41,148.3
2026/5/11,11:04:00,158.1
2026/5/11,11:05:43,167.9
2026/5/11,11:06:37,178.4
2026/5/11,11:08:56,188.7
2026/5/11,11:10:36,198.4
2026/5/11,11:11:34,207.7
2026/5/11,11:13:51,217.9
2026/5/11,11:15:32,228.8
2026/5/11,11:16:58,238.0
2026/5/11,11:19:11,247.7
2026/5/11,11:20:30,258.7
2026/5/11,11:21:56,267.8
2026/5/11,11:24:07,277.5
2026/5/11,11:25:27,288.3
2026/5/11,11:26:44,297.3
2026/5/11,11:29:03,308.2
2026/5/11,11:30:23,317.7
2026/5/11,11:31:40,328.0
2026/5/11,11:33:59,338.0
2026/5/11,12:26:11,98.6
2026/5/11,12:27:40,108.6
2026/5/11,12:29:05,118.5
2026/5/11,12:31:19,128.5
2026/5/11,12:32:49,138.4
2026/5/11,12:34:15,148.3
2026/5/11,12:36:36,158.1
2026/5/11,12:37:56,167.9
2026/5/11,12:39:25,178.5
2026/5/11,12:41:31,188.7
2026/5/11,12:42:51,198.3
2026/5/11,12:44:08,207.7
2026/5/11,12:46:27,217.9
2026/5/11,12:47:47,228.6
2026/5/11,12:49:04,238.0
2026/5/11,12:51:22,247.7
2026/5/11,12:52:42,258.6
2026/5/11,12:53:59,267.8
2026/5/11,12:56:18,277.6
2026/5/11,12:58:01,288.3
2026/5/11,12:59:26,297.3
2026/5/11,13:01:38,308.2
2026/5/11,13:02:57,317.7
2026/5/11,13:04:23,328.0
2026/5/11,13:06:34,338.0
2026/5/11,13:28:50,98.7
2026/5/11,13:31:19,108.6
2026/5/11,13:32:37,118.5
2026/5/11,13:33:56,128.5
2026/5/11,13:36:14,138.4
2026/5/11,13:37:33,148.3
2026/5/11,13:38:51,158.1
2026/5/11,13:41:10,167.9
2026/5/11,13:42:29,178.4
2026/5/11,13:43:47,188.8
2026/5/11,13:46:05,198.1
2026/5/11,13:47:25,207.7
2026/5/11,13:48:42,217.9
2026/5/11,13:51:01,228.8
2026/5/11,13:52:46,238.0
2026/5/11,13:54:11,247.6
2026/5/11,13:56:22,258.7
2026/5/11,13:57:41,267.8
2026/5/11,13:59:08,277.6
2026/5/11,14:01:18,288.3
2026/5/11,14:02:59,297.2
2026/5/11,14:03:57,308.1
2026/5/11,14:06:14,317.7
2026/5/11,14:07:34,328.0
2026/5/11,14:08:51,338.2
2026/5/11,17:19:12,118.5
2026/5/11,18:23:12,98.7
2026/5/11,18:24:54,108.7
2026/5/12,02:19:07,98.7
2026/5/12,02:20:26,108.6
2026/5/12,02:21:45,118.6
2026/5/12,02:24:14,128.5
2026/5/12,02:25:47,138.5
2026/5/12,02:27:13,148.3
2026/5/12,02:29:45,158.1
2026/5/12,02:31:04,167.9
2026/5/12,02:32:22,178.4
2026/5/12,02:34:51,188.7
2026/5/12,02:36:20,198.4
2026/5/12,02:37:46,207.6
2026/5/12,02:39:56,217.9
2026/5/12,02:41:28,228.8
2026/5/12,02:42:53,238.0
2026/5/12,02:45:02,247.7
2026/5/12,02:46:34,258.7
2026/5/12,02:47:59,267.8
2026/5/12,02:50:07,277.6
2026/5/12,02:51:39,288.3
2026/5/12,02:53:05,297.2
2026/5/12,02:55:36,308.1
2026/5/12,02:56:55,317.7
2026/5/12,02:58:13,328.1
2026/5/12,03:00:43,338.0
2026/5/12,08:17:41,98.6
2026/5/12,08:19:32,108.7
2026/5/12,08:20:38,118.5
2026/5/12,08:22:47,128.5
2026/5/12,08:24:21,138.5
2026/5/12,08:25:46,148.3
2026/5/12,08:28:09,158.1
2026/5/12,08:29:28,167.9
2026/5/12,08:30:54,178.5
2026/5/12,08:33:03,188.7
2026/5/12,08:34:44,198.4
2026/5/12,08:35:42,207.7
2026/5/12,08:37:59,217.9
2026/5/12,08:39:20,228.6
2026/5/12,08:40:37,238.0
2026/5/12,08:42:55,247.7
2026/5/12,08:44:15,258.7
2026/5/12,08:45:32,267.7
2026/5/12,08:47:51,277.6
2026/5/12,08:49:33,288.3
2026/5/12,08:50:58,297.3
2026/5/12,08:53:12,308.2
2026/5/12,08:54:31,317.7
2026/5/12,08:55:56,328.0
2026/5/12,08:58:08,338.3
